date,ethena_susde_ethereum_apy,frax_sfrax_ethereum_apy,frax_sfraxusd_ethereum_apy,makerdao_sdai_ethereum_apy,realworld_wstusr_ethereum_apy,sky_susds_ethereum_apy,syrup_susdc_ethereum_apy
2025-06-11,7.111,,8.149083404778246,2.32,7.703,4.75,11.732
2025-06-10,7.123333333333332,,8.149083404778246,2.32,6.475238095238096,4.75,6.533913043478259
2025-06-09,7.138749999999999,,8.149083404778246,2.5104545454545453,7.395625,4.75,6.437272727272727
2025-06-08,7.18608695652174,,8.149083404778246,2.61,3.142222222222222,4.75,9.003636363636362
2025-06-07,7.201666666666667,,8.149083404778246,2.61,2.562631578947369,4.75,7.081304347826087
2025-06-06,7.232727272727272,,8.149083404778246,2.61,10.967777777777778,4.75,7.762916666666665
2025-06-05,7.241000000000001,,8.149083404778246,2.61,8.114117647058823,4.75,9.219565217391304
2025-06-04,7.343333333333333,,8.149083404778246,2.61,9.176153846153845,4.75,7.521666666666668
2025-06-03,7.488260869565218,,7.149294334586398,2.61,5.367647058823529,4.75,9.132083333333334
2025-06-02,7.711818181818183,,7.149294334586398,2.61,10.991052631578947,4.75,7.085555555555556
2025-06-01,7.885833333333333,,7.149294334586398,2.61,8.017391304347825,4.75,6.678636363636364
2025-05-31,8.098333333333331,,7.149294334586398,2.61,3.9382608695652173,4.75,7.351666666666667
2025-05-30,8.361249999999998,,7.149294334586398,2.61,11.97818181818182,4.75,7.241666666666666
2025-05-29,6.974166666666668,,7.149294334586398,2.61,11.716521739130435,4.742916666666665,7.3208333333333355
2025-05-28,7.25217391304348,,7.149294334586398,2.61,7.315652173913043,4.739999999999998,7.376363636363636
2025-05-27,7.460000000000001,,8.399027261277325,2.61,9.054347826086957,4.739999999999999,7.365416666666665
2025-05-26,7.4873913043478275,,8.399027261277325,2.61,6.29,4.739999999999998,7.340416666666667
2025-05-25,7.502999999999998,,8.399027261277325,2.61,12.291428571428572,4.739999999999998,7.438749999999999
2025-05-24,7.5133333333333345,,8.399027261277325,2.61,5.9818181818181815,4.739999999999999,7.249166666666665
2025-05-23,7.727619047619048,,8.399027261277325,2.61,305.7973684210526,4.739999999999998,7.714999999999997
2025-05-22,7.958695652173911,,8.399027261277325,2.61,240.0435294117647,4.739999999999999,7.218333333333333
2025-05-21,8.049130434782612,,8.399027261277325,2.61,77.63,4.739999999999999,7.093333333333333
2025-05-20,8.299545454545456,,4.999653509057356,2.61,19.47947368421053,4.739999999999998,7.705882352941178
2025-05-19,8.42380952380952,,4.999653509057356,2.8749999999999996,37.811904761904756,4.739999999999998,7.291904761904763
2025-05-18,8.466666666666665,,4.999653509057356,2.899999999999999,26.87857142857143,4.739999999999999,7.580666666666665
2025-05-17,8.536666666666667,,4.999653509057356,2.899999999999999,10.8215,4.739999999999999,7.521999999999999
2025-05-16,8.885833333333334,,4.999653509057356,2.899999999999999,21.6495,4.739999999999998,7.3771428571428554
2025-05-15,5.329583333333333,4.6,4.999653509057356,2.8999999999999995,3206.669565217391,4.739999999999998,6.85375
2025-05-14,5.226666666666666,4.6,4.999653509057356,2.899999999999999,85.4604761904762,4.739999999999999,7.530454545454545
2025-05-13,5.271249999999999,,4.599706544565763,2.899999999999999,5192.083333333333,4.739999999999999,7.178333333333332
2025-05-12,5.405833333333333,,4.599706544565763,3.0804347826086955,11920.00727272727,4.7337500000000015,7.459999999999999
2025-05-11,5.485,,4.599706544565763,3.189999999999999,140.975,4.730000000000002,8.559473684210525
2025-05-10,5.506521739130435,,4.599706544565763,3.189999999999999,22.423636363636362,4.730000000000002,7.97421052631579
2025-05-09,5.4608333333333325,,4.599706544565763,3.1899999999999995,745.4186363636363,4.730000000000003,7.2595454545454565
2025-05-08,4.595555555555556,,4.599706544565763,3.189999999999999,63.785000000000004,4.730000000000003,7.985416666666669
2025-05-07,4.517499999999998,,4.599706544565763,3.1899999999999995,22.004761904761907,4.730000000000002,8.089473684210526
2025-05-06,4.517499999999998,,4.749687077368581,3.189999999999999,49.453529411764706,4.730000000000003,7.265714285714285
2025-05-05,4.5095652173913034,,4.749687077368581,3.375416666666666,41.236666666666665,4.730000000000003,7.831428571428572
2025-05-04,4.464444444444443,,4.749687077368581,3.4799999999999986,1678.2755555555555,4.730000000000002,7.378
2025-05-03,4.435714285714286,,4.749687077368581,3.479999999999999,4.274705882352941,4.730000000000003,7.9653846153846155
2025-05-02,4.391249999999999,,4.749687077368581,3.48,0.0,4.730000000000003,7.396842105263158
2025-05-01,5.106190476190475,,4.749687077368581,3.4799999999999986,10.079473684210527,4.730000000000003,7.803333333333334
2025-04-30,5.257499999999999,,4.749687077368581,3.4799999999999986,72386.618125,4.730000000000003,7.420999999999999
2025-04-29,5.257619047619049,,4.749687077368581,3.4799999999999986,3.00875,4.730000000000003,7.396666666666667
2025-04-28,5.267499999999999,,4.749687077368581,3.6495454545454535,7.41875,4.730000000000002,7.815625000000001
2025-04-27,5.266666666666666,,4.749687077368581,3.770000000000001,0.0,4.730000000000003,7.464666666666667
2025-04-26,5.267499999999997,,4.749687077368581,3.7694736842105265,0.0,4.730000000000002,7.47125
2025-04-25,5.263333333333333,,4.749687077368581,3.7700000000000005,0.0,4.7254545454545465,7.552666666666665
2025-04-24,5.391764705882352,,4.749687077368581,3.7700000000000014,3.8880000000000003,4.72,8.004500000000002
2025-04-23,5.404347826086955,,4.749687077368581,3.770000000000001,0.0,4.72,8.290833333333333
2025-04-22,5.400000000000001,,4.999653509057356,3.77,46.506,4.72,8.233333333333333
2025-04-21,5.37818181818182,,4.999653509057356,4.004761904761906,73.81285714285714,4.72,6.846153846153846
2025-04-20,5.367058823529412,,4.999653509057356,4.0600000000000005,268.62136363636364,4.72,7.002
2025-04-19,5.375263157894735,,4.999653509057356,4.053888888888888,4.42,4.72,6.920000000000001
2025-04-18,5.368,,4.999653509057356,4.049999999999998,73.26722222222222,4.72,7.038666666666668
2025-04-17,5.722380952380953,,4.999653509057356,4.049999999999998,0.0,4.72,7.148000000000001
2025-04-16,5.7252631578947355,,4.999653509057356,4.049999999999998,0.0,4.72,11.256153846153845
2025-04-15,5.707272727272724,,4.599706544565763,4.049999999999999,0.0,4.72,7.127272727272726
2025-04-14,5.709999999999998,,4.599706544565763,4.049999999999999,6.914736842105263,4.72,7.045714285714287
2025-04-13,5.712105263157893,,4.599706544565763,4.049999999999999,76865440413.01,4.72,7.018461538461537
2025-04-12,5.691578947368419,,4.599706544565763,4.049999999999999,0.0,4.72,7.032499999999999
2025-04-11,5.687999999999999,,4.599706544565763,4.049999999999999,56.18521739130435,4.72,7.019285714285714
2025-04-10,4.839999999999998,,4.599706544565763,4.049999999999999,7.912272727272727,4.72,7.111999999999999
2025-04-09,4.753333333333333,,4.599706544565763,4.049999999999999,0.0,4.72,7.0825
2025-04-08,4.685217391304349,,6.499415848704415,4.049999999999998,0.0,4.7174999999999985,4.255333333333333
2025-04-07,4.622608695652175,,6.499415848704415,4.049999999999998,0.0,4.709999999999997,7.642222222222222
2025-04-06,4.541428571428571,,6.499415848704415,4.049999999999999,10.394285714285715,4.709999999999998,7.706
2025-04-05,4.534782608695654,,6.499415848704415,4.049999999999998,8.583636363636364,4.709999999999997,7.745384615384617
2025-04-04,4.511904761904763,,6.499415848704415,4.049999999999998,8.993809523809524,4.709999999999997,7.6066666666666665
2025-04-03,10.230416666666668,,6.499415848704415,4.049999999999998,34.75809523809524,4.709999999999997,7.789090909090908
2025-04-02,10.71130434782609,,6.499415848704415,4.049999999999998,77.7115,4.709999999999997,7.803750000000001
2025-04-01,10.771739130434781,,4.599706544565763,4.049999999999998,83.83391304347826,4.709999999999997,7.718333333333332
2025-03-31,10.816500000000001,,4.599706544565763,4.049999999999998,0.0,4.709999999999997,9.729999999999999
2025-03-30,10.77,,4.599706544565763,4.049999999999998,2.3930434782608696,4.709999999999998,8.150909090909092
2025-03-29,10.779545454545456,,4.599706544565763,4.049999999999998,120.91583333333334,4.709999999999997,7.7645454545454555
2025-03-28,10.441666666666665,,4.599706544565763,4.049999999999998,20.945,4.709999999999998,7.725333333333334
2025-03-27,5.564583333333332,,4.599706544565763,4.049999999999998,7.575833333333333,4.709999999999997,7.704999999999999
2025-03-26,4.275833333333334,,4.599706544565763,4.049999999999998,1.81375,4.709999999999997,7.818888888888889
2025-03-25,4.213750000000001,,6.5993976084109285,4.049999999999998,0.0,4.709999999999998,7.874666666666668
2025-03-24,4.152083333333333,,6.5993976084109285,5.415454545454547,4.755,6.0037499999999975,7.723333333333333
2025-03-23,4.11,,6.5993976084109285,6.360000000000002,10.941739130434783,6.800000000000002,20.143333333333338
2025-03-22,4.1065,,6.5993976084109285,6.36,2.4486363636363637,6.8,8.916
2025-03-21,4.121249999999999,,6.5993976084109285,6.360000000000002,21.88291666666667,6.800000000000002,8.257000000000001
2025-03-20,4.482608695652172,,6.5993976084109285,6.360000000000002,9.09,6.800000000000001,9.175555555555555
2025-03-19,4.496086956521739,,6.5993976084109285,6.360000000000002,55.03458333333333,6.793333333333334,9.61
2025-03-18,4.474545454545455,,6.2494601538156225,6.360000000000001,0.0,6.79,6.019166666666666
2025-03-17,4.445,,6.2494601538156225,6.360000000000001,0.0,6.79,7.292727272727273
2025-03-16,4.423478260869566,,6.2494601538156225,6.36,0.0,6.79,5.64875
2025-03-15,4.417391304347826,,6.2494601538156225,6.36,0.8304166666666667,6.79,1305.9391666666666
2025-03-14,4.404000000000001,,6.2494601538156225,6.36,4.225416666666667,6.79,6.467500000000001
2025-03-13,5.9985,5.0,6.2494601538156225,6.352608695652173,3.5573913043478256,6.79,8.246666666666666
2025-03-12,5.817391304347824,5.0,6.2494601538156225,6.349999999999998,11.4375,6.79,10.697142857142854
2025-03-11,5.983636363636362,,7.099304084429936,6.349999999999998,2.2287500000000002,6.786250000000002,6.2992857142857135
2025-03-10,5.9386956521739105,,7.099304084429936,5.807083333333334,0.042608695652173914,6.78,8.238750000000001
2025-03-09,5.871363636363637,,7.099304084429936,5.480000000000003,0.0,6.78,11.005454545454548
2025-03-08,5.852608695652173,,7.099304084429936,5.480000000000003,7.331739130434783,6.78,44.43285714285714
2025-03-07,5.8420000000000005,,7.099304084429936,5.480000000000003,0.0,6.78,7.227142857142858
2025-03-06,10.139166666666668,,7.099304084429936,5.480000000000001,0.7408333333333333,6.78,10.462777777777779
2025-03-05,10.685500000000001,,7.099304084429936,5.480000000000001,14.123750000000001,6.78,242.79846153846154
2025-03-04,10.665833333333332,,8.798932272412173,5.480000000000003,117.31208333333332,6.78,9.390624999999998
2025-03-03,10.64217391304348,,8.798932272412173,5.480000000000001,0.0,6.778333333333335,11.813846153846153
2025-03-02,10.574782608695653,,8.798932272412173,5.480000000000003,24.373478260869568,6.7700000000000005,13.862499999999999
2025-03-01,10.534782608695648,,8.798932272412173,5.480000000000003,11.969583333333333,6.77,7.095714285714286
2025-02-28,10.473181818181818,,8.798932272412173,5.480000000000001,26.400000000000002,6.77,10.413999999999998
2025-02-27,11.0325,,8.798932272412173,5.474166666666668,31.38625,6.7700000000000005,14.134285714285713
2025-02-26,10.885652173913048,,8.798932272412173,5.47,23.081666666666667,6.77,7.812
2025-02-25,10.854999999999999,,8.798932272412173,5.47,0.0,6.7700000000000005,7.260624999999999
2025-02-24,10.73625,,8.798932272412173,7.291304347826087,1.2170833333333333,8.2325,11.614117647058823
2025-02-23,10.666086956521736,,8.798932272412173,8.370000000000003,12.183750000000002,9.110000000000005,12.991428571428571
2025-02-22,10.627916666666668,,8.798932272412173,8.360869565217394,36.34583333333333,9.110000000000005,4.833
2025-02-21,10.081304347826086,,8.798932272412173,8.366250000000003,26.42391304347826,9.110000000000005,10.790000000000001
2025-02-20,7.810434782608695,,8.798932272412173,8.360000000000005,12.157083333333333,9.101666666666665,10.405999999999999
2025-02-19,7.4427272727272715,,8.798932272412173,8.360000000000001,73.53583333333333,9.099999999999996,9.56
2025-02-18,7.471304347826086,,8.798932272412173,8.360000000000003,9.553333333333333,9.099999999999996,12.399999999999999
2025-02-17,7.623043478260867,,8.798932272412173,8.360000000000005,11.82217391304348,9.099999999999996,15.776999999999997
2025-02-16,7.625652173913045,,8.798932272412173,8.351363636363635,14.308750000000002,9.097499999999998,6.972857142857143
2025-02-15,7.603478260869568,,8.798932272412173,8.349999999999996,9.072083333333333,9.090000000000002,14.562941176470588
2025-02-14,7.578695652173913,,8.798932272412173,8.349999999999996,27.513333333333335,9.090000000000002,14.35
2025-02-13,7.2562500000000005,5.88,8.798932272412173,8.349999999999996,45.31625,9.090000000000002,8.709333333333335
2025-02-12,7.1845,5.88,8.798932272412173,8.349999999999996,33.08652173913043,9.090000000000002,11.441666666666666
2025-02-11,6.97608695652174,,,8.349999999999996,6.62,9.082916666666671,22.560555555555553
2025-02-10,7.062173913043479,,,11.23708333333333,7.496956521739131,11.504166666666668,6.862222222222222
2025-02-09,7.022083333333334,,,12.979999999999999,11.548333333333334,12.979999999999997,12.214615384615383
2025-02-08,6.963749999999997,,,12.974583333333335,7.855416666666667,12.971250000000005,24.746666666666666
2025-02-07,6.886666666666667,,,12.970000000000006,9.39875,12.970000000000006,7.569090909090909
2025-02-06,11.620869565217392,,,12.969166666666672,5.791666666666667,12.963750000000005,11.654
2025-02-05,12.130416666666667,,,12.96,7.957916666666667,12.96,125.04769230769232
2025-02-04,12.035416666666668,,,12.96,0.0,12.956250000000002,10.169166666666667
2025-02-03,11.909565217391306,,,12.954166666666664,0.0,12.949999999999996,8.829090909090908
2025-02-02,11.810999999999996,,,12.949999999999996,8.225416666666666,12.949166666666661,30.048333333333332
2025-02-01,11.814999999999998,,,12.949166666666663,89.53500000000001,12.94,10.59909090909091
2025-01-31,11.815238095238092,,,12.94,22.21291666666667,12.94,9.496923076923077
2025-01-30,13.989090909090908,,,12.94,67.71333333333332,12.93166666666667,19.512857142857147
2025-01-29,14.549090909090909,,,12.933750000000003,50.028333333333336,12.930000000000005,13.857142857142858
2025-01-28,14.737619047619049,,,13.110833333333337,58.44958333333333,12.924166666666665,9.502307692307692
2025-01-27,14.808636363636365,,,13.21708333333334,4.23695652173913,12.919999999999996,8.335384615384614
2025-01-26,14.73130434782609,,,13.210000000000004,22.34166666666667,12.916521739130436,28.056
2025-01-25,14.739565217391306,,,13.21,120.23791666666666,12.910000000000002,20.283636363636358
2025-01-24,14.767,,,13.200434782608689,35.0075,12.909166666666671,28.41363636363637
2025-01-23,8.940999999999999,,,13.199999999999996,35.0425,12.900000000000002,26.7525
2025-01-22,9.400434782608697,,,13.19478260869565,146.59375,12.9,9.26
2025-01-21,9.405714285714284,,,13.19,341.52833333333336,12.892173913043473,9.408
2025-01-20,9.395,,,13.188571428571427,2723.341818181818,12.889999999999995,12.850000000000001
2025-01-19,9.397619047619049,,,13.180000000000005,45.563478260869566,12.88458333333333,18.077142857142857
2025-01-18,9.404499999999999,,,13.180000000000005,169.32090909090908,12.879999999999997,19.12
2025-01-17,9.845238095238098,,,13.172499999999998,128.75208333333333,12.877083333333331,19.65
2025-01-16,12.86875,,,13.169999999999996,82.41625,12.870000000000003,24.839999999999996
2025-01-15,12.902916666666668,,,13.166666666666666,10.293333333333333,12.870000000000003,10.863999999999999
2025-01-14,12.93,,,13.160000000000004,33.71375,12.860000000000005,12.477
2025-01-13,12.817826086956524,,,13.160000000000004,20.35,12.860000000000003,10.134285714285715
2025-01-12,12.758333333333331,,,13.150416666666667,28.49625,12.852380952380955,13.645555555555557
2025-01-11,12.739166666666668,,,13.15,19.56833333333333,12.849999999999998,36.910000000000004
2025-01-10,12.74125,,,13.144583333333332,0.0,12.845,14.052222222222223
2025-01-09,11.413478260869569,,,13.139999999999993,18.99,12.839999999999996,13.135
2025-01-08,11.17695652173913,,,13.138749999999995,1.393913043478261,12.838260869565216,11.871666666666668
2025-01-07,11.112500000000004,,,13.129999999999997,29.601249999999997,12.830000000000007,10.841666666666669
2025-01-06,11.10130434782609,,,13.129999999999997,44.12583333333333,12.830000000000004,10.688
2025-01-05,11.11217391304348,,,13.1225,54.906666666666666,12.820476190476185,8.412
2025-01-04,11.132083333333332,,,13.120000000000003,65.41791666666667,12.819999999999997,8.594166666666668
2025-01-03,11.094999999999999,,,13.116666666666672,75.20166666666667,12.813913043478262,20.43727272727273
2025-01-02,11.933749999999998,11.07,,13.110000000000005,639.8273913043479,12.81,39.71333333333333
2025-01-01,12.091363636363637,11.07,,13.110000000000005,14.550434782608697,12.806250000000002,10.706666666666665
2024-12-31,12.04,,,13.100833333333332,75.33416666666666,12.800000000000004,8.38
2024-12-30,12.000869565217393,,,13.100000000000001,36.09125,12.799130434782613,14.12875
2024-12-29,11.941250000000002,,,13.094583333333334,49.36666666666667,12.789999999999996,15.398888888888889
2024-12-28,11.909999999999998,,,13.089999999999998,47.67291666666667,12.789999999999996,10.414545454545454
2024-12-27,11.851666666666667,,,13.088749999999997,20.755416666666665,12.782,8.55
2024-12-26,13.885416666666666,,,13.080000000000004,3.0508333333333333,12.78,14.833999999999998
2024-12-25,14.314782608695653,,,13.080000000000004,52.437083333333334,12.774000000000001,9.479999999999999
2024-12-24,14.304166666666665,,,13.07304347826087,633.0995833333333,12.770000000000003,8.509
2024-12-23,14.302916666666667,,,13.069999999999995,0.0,12.76818181818182,9.78875
2024-12-22,14.249583333333327,,,13.067083333333331,9.227083333333333,12.759999999999998,11.383333333333333
2024-12-21,14.192916666666667,,,13.06,542.0566666666667,12.759999999999996,8.4175
2024-12-20,14.149166666666668,,,13.06,0.0,12.75090909090909,13.514285714285714
2024-12-19,24.423478260869565,,,13.051250000000003,278.73,12.75,51.96666666666667
2024-12-18,26.398749999999993,,,13.050000000000006,303.02652173913043,12.743809523809526,26.156666666666666
2024-12-17,26.5325,,,13.045217391304352,315.08181818181816,12.740000000000002,9.43
2024-12-16,26.695833333333336,,,13.039999999999997,214.29227272727275,12.736500000000001,9.44
2024-12-15,26.864583333333332,,,13.039583333333331,4.803478260869565,12.729999999999997,9.415
2024-12-14,26.952083333333334,,,13.029999999999996,24.753913043478263,12.729999999999999,9.39
2024-12-13,27.10875,,,13.029999999999996,54.37761904761905,12.72,9.39
2024-12-12,24.680000000000003,,,13.023636363636363,14.893684210526317,12.72,9.14
2024-12-11,24.28458333333333,,,13.019999999999998,101.22473684210526,12.7121052631579,9.122
2024-12-10,24.5025,,,13.01782608695652,102.875,12.710000000000004,8.776666666666667
2024-12-09,24.61347826086956,,,13.009999999999996,2.5584615384615383,12.705263157894738,9.045
2024-12-08,25.94458333333333,,,9.860909090909088,15.958235294117648,9.898095238095241,9.05
2024-12-07,26.307500000000005,,,9.599999999999996,1230.26,9.650000000000002,9.13
2024-12-06,26.54458333333334,,,9.59125,835.3136363636364,9.650000000000002,22.964
2024-12-05,25.100833333333338,,,9.590000000000002,23.435454545454547,9.640454545454542,25.37
2024-12-04,24.764583333333334,,,9.590000000000002,23.54,9.639999999999997,15.513333333333334
2024-12-03,24.83375,,,9.590000000000002,25.16,9.639999999999997,11.738000000000001
2024-12-02,27.070833333333336,,,9.585652173913045,46.85,9.639999999999997,9.913749999999999
2024-12-01,27.38416666666667,,,9.580000000000004,0.0,9.629999999999999,9.945555555555558
2024-11-30,27.89333333333334,,,8.848749999999999,148.765,8.923000000000002,12.942499999999999
2024-11-29,29.55583333333334,,,8.449999999999998,285.936,8.615789473684213,18.166000000000004
2024-11-28,22.640416666666663,,,8.446956521739128,0.0,8.61,12.705714285714285
2024-11-27,20.828750000000003,,,8.44,5171.745,8.610000000000001,10.106666666666667
2024-11-26,21.447083333333335,,,8.44,11.26,8.609999999999998,11.9175
2024-11-25,22.310833333333335,,,8.44,49.68666666666667,8.61,9.478
2024-11-24,22.57291666666666,,,8.44,49.68666666666667,8.604999999999999,9.642000000000001
2024-11-23,22.896666666666665,,,8.44,0.0,8.599999999999998,9.648333333333333
2024-11-22,23.517083333333336,,,8.434583333333336,51.986000000000004,8.599999999999998,9.789999999999997
2024-11-21,23.327499999999997,,,8.430000000000005,17.69666666666667,8.599999999999998,15.91
2024-11-20,24.127083333333328,,,8.430000000000005,42.69,8.599999999999998,9.923333333333334
2024-11-19,25.294583333333332,,,8.430000000000005,0.0,8.593571428571428,10.11
2024-11-18,26.370000000000005,,,7.019583333333331,15.445,7.304545454545454,10.08
2024-11-17,27.162916666666664,,,6.17,0.0,6.5699999999999985,10.046666666666665
2024-11-16,27.77541666666666,,,6.169999999999999,89.155,6.570000000000001,9.887499999999998
2024-11-15,28.189999999999998,,,6.169999999999999,,6.57,9.715
2024-11-14,15.068333333333335,,,6.17,,6.57,9.936666666666666
2024-11-13,11.996666666666666,,,6.169999999999999,0.0,6.564000000000001,9.75
2024-11-12,12.18,,,6.169999999999999,0.0,6.560000000000001,9.511666666666665
2024-11-11,12.571666666666667,,,6.170000000000001,430.78,6.560000000000001,9.545714285714286
2024-11-10,12.765,,,6.169999999999999,20.59,6.560000000000001,9.53875
2024-11-09,12.851666666666667,,,6.1676190476190484,296.4,6.560000000000001,9.18923076923077
2024-11-08,13.063043478260866,,,6.159999999999998,296.4,6.560000000000001,8.695555555555556
2024-11-07,12.95217391304348,,,6.1599999999999975,305.948,6.560000000000001,9.508181818181818
2024-11-06,13.028947368421052,,,6.1599999999999975,35.145,6.560000000000001,9.745833333333332
2024-11-05,13.129499999999998,,,6.1599999999999975,18.985,6.559411764705883,9.875833333333334
2024-11-04,13.248636363636365,,,6.1599999999999975,,6.549999999999998,9.33
2024-11-03,13.371249999999998,,,6.1599999999999975,84.34333333333333,6.549999999999998,9.383636363636363
2024-11-02,13.433750000000002,,,6.1599999999999975,84.34333333333333,6.549999999999998,9.904545454545456
2024-11-01,13.51636363636364,,,6.1599999999999975,0.0,6.549999999999999,9.692666666666668
2024-10-31,12.529999999999998,,,6.1599999999999975,20.79,6.549999999999999,10.031666666666668
2024-10-30,12.418181818181818,,,6.159999999999998,6.13,6.549999999999999,9.498333333333333
2024-10-29,12.545416666666668,,,6.155652173913044,6.13,6.549999999999998,9.663571428571428
2024-10-28,13.053478260869566,,,6.150000000000002,0.0,6.549999999999998,9.434166666666668
2024-10-27,13.28521739130435,,,6.150000000000002,11.955,6.5443750000000005,9.511764705882351
2024-10-26,13.336666666666666,,,6.150000000000002,6.515,6.540000000000002,12.127058823529412
2024-10-25,13.437826086956521,,,6.150000000000002,0.0,6.540000000000003,9.594705882352944
2024-10-24,11.395416666666668,,,6.150000000000002,0.0,6.540000000000004,9.784705882352943
2024-10-23,10.987916666666665,,,6.150000000000003,9.72,6.540000000000004,9.855555555555556
2024-10-22,11.343181818181819,,,6.150000000000002,7.855,6.540000000000003,14.035000000000002
2024-10-21,11.489545454545457,,,6.150000000000002,22.48,6.540000000000004,8.577499999999999
2024-10-20,11.727916666666667,,,6.150000000000002,0.0,6.540000000000003,8.956923076923077
2024-10-19,12.318695652173913,,,6.150000000000002,7.675,6.540000000000003,9.245625
2024-10-18,12.67181818181818,,,6.1433333333333335,4.43,6.530555555555556,33.25705882352941
2024-10-17,8.717272727272729,,,6.139999999999998,10.01,6.53,9.692857142857145
2024-10-16,8.204782608695654,,,6.139999999999999,10.01,6.53,9.386
2024-10-15,8.28238095238095,,,6.139999999999999,7.755,6.53,26.278
2024-10-14,8.433043478260869,,,6.14,6.403333333333333,6.53,8.878000000000002
2024-10-13,8.495263157894737,,,6.14,8.12,6.53,9.07
2024-10-12,8.51695652173913,,,6.14,,6.53,9.085
2024-10-11,8.69277777777778,,,6.14,9.57,6.53,15.236666666666666
2024-10-10,10.60666666666667,,,6.139999999999999,9.57,6.526956521739129,8.544285714285715
2024-10-09,10.745,,,6.14,0.0,6.519999999999997,9.046
2024-10-08,10.85952380952381,,,6.139999999999998,6.49,6.519999999999997,7.84
2024-10-07,10.885238095238094,,,6.460434782608694,5.9,6.387692307692305,7.9975000000000005
2024-10-06,10.897499999999996,,,6.689999999999999,10.154,6.269999999999998,8.3175
2024-10-05,10.970499999999998,,,6.689999999999999,10.154,6.269999999999998,8.32
2024-10-04,11.12208333333333,,,6.689999999999999,,6.27,8.315
2024-10-03,11.44,,,6.689999999999999,17.01,6.269999999999999,8.323333333333332
2024-10-02,11.674090909090909,,,6.689999999999999,17.01,6.269473684210523,17.1
2024-10-01,11.870833333333335,,,6.689999999999999,6.52,6.260000000000002,8.295
2024-09-30,11.961363636363638,,,6.689999999999999,12.83,6.260000000000001,7.990000000000001
2024-09-29,11.99333333333333,,,6.6875,70.945,6.260000000000001,8.2
2024-09-28,12.011666666666663,,,6.680000000000003,4.49,6.260000000000002,13.246666666666668
2024-09-27,12.067083333333336,,,6.680000000000003,7.94,6.260000000000002,8.345
2024-09-26,8.265,,,6.680000000000002,11.943333333333333,6.26,8.0
2024-09-25,6.737368421052631,,,6.6800000000000015,6.635,6.260000000000001,11.43
2024-09-24,6.708947368421052,,,6.6800000000000015,6.635,6.26,8.635
2024-09-23,6.6504761904761915,,,6.680000000000003,6.1,6.260000000000001,8.703333333333335
2024-09-22,6.656315789473685,,,6.680000000000003,10.265,6.251333333333333,8.782222222222222
2024-09-21,6.6742105263157905,,,6.680000000000003,10.265,6.25,8.855
2024-09-20,6.6560000000000015,,,6.67826086956522,0.0,6.25,21.286
2024-09-19,5.320909090909091,,,6.669999999999998,80.27333333333333,6.25,9.02
2024-09-18,5.164736842105263,,,6.669999999999999,,6.25,9.038571428571428
2024-09-17,5.147000000000002,,,6.67,3.58,6.25,19.623
2024-09-16,5.1466666666666665,,,6.669999999999999,3.58,,9.242857142857144
2024-09-15,5.146470588235295,,,6.669999999999999,,,9.505
2024-09-14,5.13952380952381,,,6.669999999999998,3.52,,16.849999999999998
2024-09-13,5.129,,,6.669999999999998,3.52,,9.510000000000002
2024-09-12,4.835499999999999,,,6.669999999999999,,,9.435714285714285
2024-09-11,4.7661904761904745,,,6.66875,,,25.853333333333335
2024-09-10,4.770526315789473,,,6.6599999999999975,,,9.0675
2024-09-09,4.768999999999998,,,6.6599999999999975,5.08,,9.186666666666666
2024-09-08,4.767142857142855,,,6.6599999999999975,5.08,,9.515
2024-09-07,4.764545454545452,,,6.6599999999999975,,,9.654285714285717
2024-09-06,4.759545454545454,,,6.6599999999999975,,,9.631666666666666
2024-09-05,4.747272727272728,,,6.6599999999999975,,,14.016666666666667
2024-09-04,4.768695652173914,,,6.6599999999999975,,,14.538571428571428
2024-09-03,4.78,,,6.6599999999999975,,,9.034285714285716
2024-09-02,4.760869565217392,,,6.660833333333332,,,9.274285714285714
2024-09-01,4.7155,,,6.650416666666669,,,9.338
2024-08-31,4.703684210526316,,,6.650000000000003,,,9.400000000000002
2024-08-30,4.615454545454545,,,6.650000000000003,,,24.626666666666665
2024-08-29,4.59,,,6.650000000000003,,,9.697777777777777
2024-08-28,4.18142857142857,,,6.650000000000003,7.385000000000001,,10.202727272727275
2024-08-27,4.766086956521737,,,6.650000000000003,7.385000000000001,,12.575
2024-08-26,4.762608695652174,,,6.650000000000003,,,9.461428571428572
2024-08-25,4.735000000000001,,,6.650000000000002,,,9.516
2024-08-24,4.725000000000002,,,6.650000000000003,9.69,,12.622
2024-08-23,4.7525,,,6.6412499999999985,9.69,,8.5
2024-08-22,4.905652173913043,,,6.639999999999997,,,8.525833333333333
2024-08-21,4.886842105263159,,,6.639999999999998,,,82.89571428571428
2024-08-20,4.795,,,6.639999999999998,,,8.568333333333333
2024-08-19,4.626842105263157,,,6.639999999999997,,,8.698571428571428
2024-08-18,4.4872727272727255,,,6.639999999999998,,,8.717500000000001
2024-08-17,4.472857142857144,,,6.639999999999998,,,12.305
2024-08-16,4.443157894736843,,,6.639999999999997,,,9.49
2024-08-15,4.649999999999999,,,7.302499999999999,,,9.716
2024-08-14,4.628695652173912,,,7.740000000000001,,,7.428333333333332
2024-08-13,4.627368421052632,,,7.740000000000002,,,23.15888888888889
2024-08-12,4.54090909090909,,,7.740000000000002,,,7.642999999999999
2024-08-11,4.420952380952382,,,7.740000000000002,,,7.755
2024-08-10,4.395652173913045,,,7.740000000000002,,,7.630000000000001
2024-08-09,4.362727272727273,,,7.740000000000002,,,7.626666666666666
2024-08-08,14.078260869565213,,,7.735833333333335,,,7.694285714285713
2024-08-07,14.857499999999996,,,7.730000000000001,,,9.181666666666667
2024-08-06,14.755,,,7.729999999999998,,,27.28333333333333
2024-08-05,14.255833333333335,,,7.7299999999999995,,,7.998
2024-08-04,13.657619047619047,,,7.7299999999999995,,,9.4
2024-08-03,13.647391304347831,,,7.729999999999998,,,9.5725
2024-08-02,13.62391304347826,,,7.73,,,120.23
2024-08-01,12.542272727272728,,,7.7229166666666655,,,9.592727272727274
2024-07-31,12.402999999999999,,,7.72,,,36.14875
2024-07-30,12.349166666666662,,,7.72,,,9.865384615384615
2024-07-29,12.291904761904764,,,7.72,,,9.892
2024-07-28,12.274285714285714,,,7.72,,,10.036666666666667
2024-07-27,12.245714285714284,,,7.72,,,10.091249999999999
2024-07-26,12.196250000000001,,,7.72,,,54.61375000000001
2024-07-25,10.107083333333334,,,7.71,,,9.508333333333335
2024-07-24,9.994545454545458,,,7.710000000000001,,,355.37833333333333
2024-07-23,10.004166666666668,,,7.710000000000001,,,9.283999999999999
2024-07-22,10.045500000000002,,,7.71,,,9.068000000000001
2024-07-21,10.000999999999998,,,7.710000000000001,,,9.115
2024-07-20,10.01521739130435,,,7.710000000000001,,,9.214285714285714
2024-07-19,10.058,,,7.707826086956521,,,36.568333333333335
2024-07-18,8.217727272727272,,,7.699999999999999,,,9.293333333333335
2024-07-17,7.977142857142856,,,7.7,,,9.00875
2024-07-16,7.971428571428571,,,8.422916666666667,,,225.5563636363636
2024-07-15,7.9944999999999995,,,8.800000000000002,,,9.23
2024-07-14,8.009565217391302,,,8.800000000000002,,,9.46142857142857
2024-07-13,8.018695652173914,,,8.800000000000002,,,9.799
2024-07-12,8.016521739130436,,,8.800000000000002,,,14.70125
2024-07-11,14.710909090909087,,,8.796250000000002,,,8.992857142857144
2024-07-10,15.677826086956523,,,8.789999999999997,,,10.392857142857142
2024-07-09,15.690416666666664,,,8.789999999999996,,,286.93833333333333
2024-07-08,15.708695652173915,,,8.789999999999994,,,9.81
2024-07-07,15.682727272727272,,,8.789999999999996,,,9.86
2024-07-06,15.698260869565217,,,8.787916666666662,,,10.75
2024-07-05,15.661250000000003,,,8.78,,,10.756666666666668
2024-07-04,9.791304347826088,,,8.78,,,10.756666666666668
2024-07-03,9.190000000000001,,,8.78,,,10.775
2024-07-02,9.173333333333332,,,8.78,,,33.751999999999995
2024-07-01,9.217391304347826,,,8.78,,,8.03
2024-06-30,9.187619047619044,,,8.770000000000003,,,8.286249999999999
2024-06-29,9.210833333333328,,,8.77,,,9.934444444444445
2024-06-28,9.237916666666665,,,8.77,,,65.23444444444445
2024-06-27,10.46375,,,8.77,,,9.946666666666667
2024-06-26,10.649999999999999,,,8.770000000000001,,,7.375333333333333
2024-06-25,10.719090909090909,,,8.761666666666667,,,9.89111111111111
2024-06-24,10.721249999999998,,,8.76,,,
2024-06-23,10.685652173913043,,,8.759999999999998,,,
2024-06-22,10.66833333333333,,,8.759999999999996,,,
2024-06-21,10.665416666666669,,,8.759999999999998,,,
2024-06-20,15.842608695652176,,,8.753913043478262,,,
2024-06-19,16.706956521739126,,,8.75,,,
2024-06-18,16.800000000000004,,,8.75,,,0.0
2024-06-17,16.870416666666664,,,8.75,,,0.0
2024-06-16,16.957083333333337,,,8.75,,,0.0
2024-06-15,17.045833333333327,,,8.746,,,-100.0
2024-06-14,17.106666666666666,,,8.74,,,
2024-06-13,21.833333333333332,,,8.740000000000002,,,
2024-06-12,22.8425,,,8.74,,,
2024-06-11,23.294166666666673,,,8.740000000000002,,,
2024-06-10,23.701666666666668,,,8.737826086956522,,,
2024-06-09,24.481666666666666,,,8.729999999999999,,,
2024-06-08,25.096666666666664,,,8.73,,,
2024-06-07,25.427916666666672,,,8.729999999999999,,,
2024-06-06,25.099166666666665,,,8.729999999999999,,,
2024-06-05,26.15041666666666,,,8.729999999999999,,,
2024-06-04,26.754583333333333,,,8.72,,,
2024-06-03,27.729166666666668,,,8.72,,,
2024-06-02,28.363333333333333,,,8.72,,,
2024-06-01,28.801666666666662,,,8.72,,,
2024-05-31,29.26500000000001,,,8.72,,,
2024-05-30,20.362500000000008,,,8.712500000000002,,,
2024-05-29,19.40791666666667,,,8.710000000000006,,,
2024-05-28,20.20125,,,8.710000000000004,,,
2024-05-27,21.48708333333333,,,8.710000000000006,,,
2024-05-26,22.233750000000004,,,8.710000000000006,,,
2024-05-25,22.844583333333333,,,8.704545454545455,,,
2024-05-24,25.009583333333328,,,8.699999999999998,,,
2024-05-23,18.24958333333333,,,8.699999999999998,,,
2024-05-22,18.472083333333334,,,8.699999999999998,,,
2024-05-21,19.87125,,,8.699999999999998,,,
2024-05-20,22.44875,,,8.696249999999997,,,
2024-05-19,23.236250000000002,,,8.69,,,
2024-05-18,24.222916666666666,,,10.585000000000003,,,
2024-05-17,31.33708333333334,,,10.870000000000003,,,
2024-05-16,16.830833333333327,,,10.869565217391306,,,
2024-05-15,13.844999999999999,,,10.860000000000007,,,
2024-05-14,14.204583333333334,,,10.860000000000007,,,
2024-05-13,14.40565217391304,,,10.860000000000003,,,
2024-05-12,14.678695652173916,,,10.853478260869565,,,
2024-05-11,14.966666666666661,,,10.849999999999996,,,
2024-05-10,15.192916666666669,,,10.849999999999996,,,
2024-05-09,15.381818181818186,,,10.84708333333333,,,
2024-05-08,15.569166666666666,,,10.840000000000002,,,
2024-05-07,15.861666666666666,,,10.840000000000002,,,
2024-05-06,16.274166666666666,,,10.840000000000002,,,
2024-05-05,16.377826086956524,,,10.830416666666672,,,
2024-05-04,16.43045454545455,,,10.830000000000005,,,
2024-05-03,16.505714285714287,,,10.830000000000004,,,
2024-05-02,9.019583333333333,,,10.824166666666668,,,
2024-05-01,12.175652173913042,,,10.819999999999995,,,
2024-04-30,12.022608695652172,,,10.819999999999995,,,
2024-04-29,11.886363636363637,,,10.817619047619045,,,
2024-04-28,11.050666666666666,,,10.81,,,
2024-04-27,0.0,,,10.81,,,
2024-04-26,10.09875,,,10.81,,,
2024-04-25,14.453333333333333,,,10.80130434782609,,,
2024-04-24,14.695454545454545,,,13.810000000000004,,,
2024-04-23,14.521666666666668,,,14.050000000000006,,,
2024-04-22,13.964166666666669,,,14.045000000000003,,,
2024-04-21,13.835833333333332,,,14.04,,,
2024-04-20,13.822499999999998,,,14.035416666666665,,,
2024-04-19,13.737916666666665,,,14.029999999999994,,,
2024-04-18,21.756086956521735,,,14.024782608695652,,,
2024-04-17,23.21083333333333,,,14.02,,,
2024-04-16,22.75043478260869,,,14.014999999999997,,,
2024-04-15,22.301249999999996,,,14.01,,,
2024-04-14,21.68875,,,14.005,,,
2024-04-13,19.070869565217393,,,14.0,,,
2024-04-12,18.90826086956522,,,13.995000000000003,,,
2024-04-11,37.34875,19.59,,13.990000000000004,,,
2024-04-10,41.54083333333333,19.59,,13.985454545454548,,,
2024-04-09,41.15083333333333,,,13.979999999999999,,,
2024-04-08,42.159166666666664,,,13.975217391304351,,,
2024-04-07,37.38875,,,13.970000000000004,,,
2024-04-06,37.540833333333346,,,13.965000000000005,,,
2024-04-05,37.745000000000005,,,13.959999999999999,,,
2024-04-04,31.134583333333335,,,13.954782608695648,,,
2024-04-03,19.980833333333337,,,13.949999999999994,,,
2024-04-02,29.53166666666667,,,13.944999999999995,,,
2024-04-01,29.980833333333333,,,13.94,,,
2024-03-31,30.172916666666662,,,13.935454545454546,,,
2024-03-30,27.163749999999997,,,13.930000000000005,,,
2024-03-29,33.908750000000005,,,15.22782608695652,,,
2024-03-28,24.402500000000003,,,16.069999999999997,,,
2024-03-27,25.778333333333336,,,16.06304347826087,,,
2024-03-26,25.905,,,16.057916666666667,,,
2024-03-25,25.845416666666665,,,16.050000000000008,,,
2024-03-24,26.352916666666673,,,16.043333333333337,,,
2024-03-23,26.764166666666668,,,16.03826086956522,,,
2024-03-22,28.159166666666664,,,16.02999999999999,,,
2024-03-21,43.407916666666665,,,16.022857142857138,,,
2024-03-20,44.56708333333333,,,16.018260869565214,,,
2024-03-19,46.69708333333333,,,16.009999999999998,,,
2024-03-18,47.659166666666664,,,16.002857142857142,,,
2024-03-17,48.78791666666667,,,15.998695652173915,,,
2024-03-16,49.73130434782608,,,15.990000000000004,,,
2024-03-15,,,,15.983636363636366,,,
2024-03-14,,,,15.979090909090912,,,
2024-03-13,,,,15.970000000000002,,,
2024-03-12,,,,15.964761904761902,,,
2024-03-11,,,,15.959545454545458,,,
2024-03-10,,,,6.66470588235294,,,
2024-03-09,,,,5.299999999999999,,,
2024-03-08,,,,5.299999999999998,,,
2024-03-07,,,,5.299999999999999,,,
2024-03-06,,,,5.299999999999998,,,
2024-03-05,,,,5.299999999999999,,,
2024-03-04,,,,5.299999999999999,,,
2024-03-03,,,,5.299999999999999,,,
2024-03-02,,,,5.299999999999999,,,
2024-03-01,,,,5.299999999999998,,,
2024-02-29,,,,5.299999999999999,,,
2024-02-28,,,,5.299999999999999,,,
2024-02-27,,,,5.292631578947369,,,
2024-02-26,,,,5.290000000000001,,,
2024-02-25,,,,5.290000000000002,,,
2024-02-24,,,,5.290000000000001,,,
2024-02-23,,,,5.290000000000002,,,
2024-02-22,,,,5.290000000000001,,,
2024-02-21,,,,5.290000000000001,,,
2024-02-20,,,,5.290000000000002,,,
2024-02-19,,,,5.290000000000001,,,
2024-02-18,,,,5.290000000000002,,,
2024-02-17,,,,5.290000000000002,,,
2024-02-16,,,,5.290000000000002,,,
2024-02-15,,,,5.290000000000002,,,
2024-02-14,,,,5.290000000000002,,,
2024-02-13,,,,5.281666666666668,,,
2024-02-12,,,,5.28,,,
2024-02-11,,,,5.28,,,
2024-02-10,,,,5.28,,,
2024-02-09,,,,5.28,,,
2024-02-08,,,,5.28,,,
2024-02-07,,,,5.28,,,
2024-02-06,,,,5.28,,,
2024-02-05,,,,5.28,,,
2024-02-04,,,,5.28,,,
2024-02-03,,,,5.28,,,
2024-02-02,,,,5.28,,,
2024-02-01,,,,5.28,,,
2024-01-31,,,,5.28,,,
2024-01-30,,,,5.270499999999998,,,
2024-01-29,,,,5.269999999999998,,,
2024-01-28,,,,5.269999999999998,,,
2024-01-27,,,,5.269999999999997,,,
2024-01-26,,,,5.269999999999998,,,
2024-01-25,,,,5.269999999999998,,,
2024-01-24,,,,5.269999999999997,,,
2024-01-23,,,,5.269999999999997,,,
2024-01-22,,,,5.269999999999998,,,
2024-01-21,,,,5.269999999999998,,,
2024-01-20,,,,5.269999999999998,,,
2024-01-19,,,,5.269999999999998,,,
2024-01-18,,,,5.269999999999998,,,
2024-01-17,,,,5.268095238095236,,,
2024-01-16,,,,5.260000000000002,,,
2024-01-15,,,,5.260000000000001,,,
2024-01-14,,,,5.26,,,
2024-01-13,,,,5.26,,,
2024-01-12,,,,5.260000000000002,,,
2024-01-11,,,,5.260000000000001,,,
2024-01-10,,,,5.260000000000002,,,
2024-01-09,,,,5.2600000000000025,,,
2024-01-08,,,,5.260000000000002,,,
2024-01-07,,,,5.26,,,
2024-01-06,,,,5.260000000000001,,,
2024-01-05,,,,5.260000000000002,,,
2024-01-04,,,,5.260000000000001,,,
2024-01-03,,,,5.257272727272728,,,
2024-01-02,,,,5.25,,,
2024-01-01,,,,5.25,,,
2023-12-31,,,,5.25,,,
2023-12-30,,,,5.25,,,
2023-12-29,,,,5.25,,,
2023-12-28,,,,5.25,,,
2023-12-27,,,,5.25,,,
2023-12-26,,,,5.25,,,
2023-12-25,,,,5.25,,,
2023-12-24,,,,5.25,,,
2023-12-23,,,,5.25,,,
2023-12-22,,,,5.25,,,
2023-12-21,,,,5.25,,,
2023-12-20,,,,5.2461111111111105,,,
2023-12-19,,,,5.239999999999999,,,
2023-12-18,,,,5.24,,,
2023-12-17,,,,5.239999999999999,,,
2023-12-16,,,,5.239999999999999,,,
2023-12-15,,,,5.240000000000001,,,
2023-12-14,,,,5.239999999999999,,,
2023-12-13,,,,5.239999999999999,,,
2023-12-12,,,,5.239999999999998,,,
2023-12-11,,,,5.239999999999999,,,
2023-12-10,,,,5.239999999999999,,,
2023-12-09,,,,5.239999999999999,,,
2023-12-08,,,,5.239999999999998,,,
2023-12-07,,,,5.239999999999998,,,
2023-12-06,,,,5.235555555555556,,,
2023-12-05,,,,5.230000000000002,,,
2023-12-04,,,,5.230000000000002,,,
2023-12-03,,,,5.230000000000002,,,
2023-12-02,,,,5.230000000000002,,,
2023-12-01,,,,5.230000000000002,,,
2023-11-30,,,,5.230000000000002,,,
2023-11-29,,,,5.230000000000003,,,
2023-11-28,,,,5.230000000000003,,,
2023-11-27,,,,5.230000000000002,,,
2023-11-26,,,,5.230000000000003,,,
2023-11-25,,,,5.230000000000002,,,
2023-11-24,,,,5.230000000000002,,,
2023-11-23,,,,5.230000000000003,,,
2023-11-22,,,,5.223333333333334,,,
2023-11-21,,,,5.22,,,
2023-11-20,,,,5.22,,,
2023-11-19,,,,5.22,,,
2023-11-18,,,,5.22,,,
2023-11-17,,,,5.22,,,
2023-11-16,,,,5.22,,,
2023-11-15,,,,5.22,,,
2023-11-14,,,,5.22,,,
2023-11-13,,,,5.22,,,
2023-11-12,,,,5.22,,,
2023-11-11,,,,5.22,,,
2023-11-10,,,,5.22,,,
2023-11-09,,,,5.22,,,
2023-11-08,,,,5.214583333333333,,,
2023-11-07,,,,5.209999999999998,,,
2023-11-06,,,,5.209999999999998,,,
2023-11-05,,,,5.209999999999998,,,
2023-11-04,,,,5.209999999999998,,,
2023-11-03,,,,5.209999999999997,,,
2023-11-02,,5.4,,5.209999999999997,,,
2023-11-01,,5.4,,5.209999999999997,,,
2023-10-31,,,,5.209999999999997,,,
2023-10-30,,,,5.209999999999999,,,
2023-10-29,,,,5.209999999999997,,,
2023-10-28,,,,5.209999999999997,,,
2023-10-27,,,,5.209999999999997,,,
2023-10-26,,6.5,,5.209999999999997,,,
2023-10-25,,6.5,,5.204090909090909,,,
2023-10-24,,,,5.200000000000002,,,
2023-10-23,,,,5.200000000000002,,,
2023-10-22,,,,5.200000000000002,,,
2023-10-21,,,,5.200000000000002,,,
2023-10-20,,,,5.200000000000002,,,
2023-10-19,,,,5.200000000000002,,,
2023-10-18,,,,5.200000000000002,,,
2023-10-17,,,,5.200000000000002,,,
2023-10-16,,,,5.200000000000002,,,
2023-10-15,,,,5.200000000000002,,,
2023-10-14,,,,5.200000000000001,,,
2023-10-13,,,,5.200000000000002,,,
2023-10-12,,,,5.200000000000002,,,
2023-10-11,,,,5.1952173913043485,,,
2023-10-10,,,,5.189999999999999,,,
2023-10-09,,,,5.189999999999999,,,
2023-10-08,,,,5.1899999999999995,,,
2023-10-07,,,,5.1899999999999995,,,
2023-10-06,,,,5.189999999999999,,,
2023-10-05,,,,5.189999999999999,,,
2023-10-04,,,,5.189999999999999,,,
2023-10-03,,,,5.189999999999999,,,
2023-10-02,,,,5.1899999999999995,,,
2023-10-01,,,,5.189999999999999,,,
2023-09-30,,,,5.189999999999999,,,
2023-09-29,,,,5.189999999999999,,,
2023-09-28,,,,5.189999999999999,,,
2023-09-27,,,,5.185454545454546,,,
2023-09-26,,,,5.180000000000003,,,
2023-09-25,,,,5.1800000000000015,,,
2023-09-24,,,,5.180000000000001,,,
2023-09-23,,,,5.180000000000003,,,
2023-09-22,,,,5.180000000000003,,,
2023-09-21,,,,5.180000000000003,,,
2023-09-20,,,,5.180000000000002,,,
2023-09-19,,,,5.180000000000002,,,
2023-09-18,,,,5.180000000000003,,,
2023-09-17,,,,5.180000000000003,,,
2023-09-16,,,,5.180000000000002,,,
2023-09-15,,,,5.180000000000002,,,
2023-09-14,,,,5.180000000000003,,,
2023-09-13,,,,5.176842105263159,,,
2023-09-12,,,,5.170000000000001,,,
2023-09-11,,,,5.170000000000001,,,
2023-09-10,,,,5.170000000000001,,,
2023-09-09,,,,5.170000000000001,,,
2023-09-08,,,,5.170000000000001,,,
2023-09-07,,,,5.170000000000001,,,
2023-09-06,,,,5.170000000000001,,,
2023-09-05,,,,5.170000000000001,,,
2023-09-04,,,,5.170000000000001,,,
2023-09-03,,,,5.170000000000001,,,
2023-09-02,,,,5.170000000000001,,,
2023-09-01,,,,5.170000000000001,,,
2023-08-31,,,,5.170000000000001,,,
2023-08-30,,,,5.166666666666667,,,
2023-08-29,,,,5.1599999999999975,,,
2023-08-28,,,,5.1599999999999975,,,
2023-08-27,,,,5.159999999999998,,,
2023-08-26,,,,5.159999999999998,,,
2023-08-25,,,,5.159999999999998,,,
2023-08-24,,,,5.1599999999999975,,,
2023-08-23,,,,5.1599999999999975,,,
2023-08-22,,,,5.1599999999999975,,,
2023-08-21,,,,5.1599999999999975,,,
2023-08-20,,,,7.082608695652173,,,
2023-08-19,,,,8.250499999999999,,,
2023-08-18,,,,8.25,,,
2023-08-17,,,,8.25,,,
2023-08-16,,,,8.25,,,
2023-08-15,,,,8.25,,,
2023-08-14,,,,8.246666666666668,,,
2023-08-13,,,,8.24,,,
2023-08-12,,,,8.240000000000002,,,
2023-08-11,,,,8.240000000000002,,,
2023-08-10,,,,8.240000000000002,,,
2023-08-09,,,,8.240000000000002,,,
2023-08-08,,,,8.232499999999996,,,
2023-08-07,,,,8.229999999999999,,,
2023-08-06,,,,6.621111111111111,,,
2023-08-05,,,,3.28,,,
