date,protocol,asset,chain,best_apy,tvl,tvl_usd,apy_base,apy_reward
2024-06-06,morpho-blue,GTUSDCCORE,Ethereum,30.54667,2213621,2213621,29.4298,1.11687
2024-06-07,ethena-usde,SUSDE,Ethereum,25.36063,1329644669,1329644669,25.36063,0.0
2024-06-08,ethena-usde,SUSDE,Ethereum,24.68142,1362463072,1362463072,24.68142,0.0
2024-06-09,morpho-blue,GTUSDCCORE,Ethereum,46.35642,5543265,5543265,44.07832,2.2781
2024-06-10,ethena-usde,SUSDE,Ethereum,23.4354,1427595183,1427595183,23.4354,0.0
2024-06-11,ethena-usde,SUSDE,Ethereum,23.00921,1451486797,1451486797,23.00921,0.0
2024-06-12,ethena-usde,SUSDE,Ethereum,22.62092,1474034683,1474034683,22.62092,0.0
2024-06-13,morpho-blue,GTUSDCCORE,Ethereum,18.94758,6217226,6217226,18.94758,0.0
2024-06-14,morpho-blue,GTUSDCCORE,Ethereum,18.55313,6319325,6319325,18.55313,0.0
2024-06-15,morpho-blue,GTDAICORE,Ethereum,28.17279,106203,106203,28.17279,0.0
2024-06-16,morpho-blue,GTDAICORE,Ethereum,29.67091,105884,105884,29.67091,0.0
2024-06-17,morpho-blue,GTDAICORE,Ethereum,31.28554,106204,106204,31.28554,0.0
2024-06-18,morpho-blue,STEAKUSDT,Ethereum,17.81354,5509616,5509616,17.81354,0.0
2024-06-19,morpho-blue,GTDAICORE,Ethereum,27.97482,108794,108794,27.97482,0.0
2024-06-20,morpho-blue,GTDAICORE,Ethereum,17.03716,112282,112282,17.03716,0.0
2024-06-21,morpho-blue,GTUSDCC,Base,31.91553,1003373,1003373,0.13524,31.78029
2024-06-22,morpho-blue,RE7USDC,Base,16.98968,248354,248354,0.35618,16.63351
2024-06-23,morpho-blue,RE7USDC,Base,16.3289,377484,377484,0.07521,16.25368
2024-06-24,morpho-blue,RE7USDC,Base,16.85617,689889,689889,0.05944,16.79673
2024-06-25,morpho-blue,MWUSDC,Base,16.21839,7231709,7231709,0.39802,15.82037
2024-06-26,morpho-blue,MWUSDC,Base,16.61641,6886928,6886928,0.46304,16.15336
2024-06-27,fluid-lending,USDT,Ethereum,14.80985,53099481,53099481,14.80985,0.0
2024-06-28,morpho-blue,RE7USDC,Base,14.71115,751091,751091,0.04199,14.66916
2024-06-29,morpho-blue,RE7USDC,Base,13.38486,847769,847769,0.0372,13.34766
2024-06-30,fluid-lending,USDT,Ethereum,12.40053,63314596,63314596,12.40053,0.0
2024-07-01,fluid-lending,USDT,Ethereum,12.28783,64030843,64030843,12.28783,0.0
2024-07-02,morpho-blue,RE7USDC,Base,15.24174,1130297,1130297,0.04465,15.19709
2024-07-03,morpho-blue,RE7USDC,Base,12.35478,975275,975275,0.02264,12.33214
2024-07-04,ethena-usde,SUSDE,Ethereum,15.63481,1531081404,1531081404,15.63481,0.0
2024-07-05,ethena-usde,SUSDE,Ethereum,15.73597,1521906664,1521906664,15.73597,0.0
2024-07-06,ethena-usde,SUSDE,Ethereum,15.68584,1526438590,1526438590,15.68584,0.0
2024-07-07,ethena-usde,SUSDE,Ethereum,15.70203,1524971504,1524971504,15.70203,0.0
2024-07-08,ethena-usde,SUSDE,Ethereum,15.71214,1524057880,1524057880,15.71214,0.0
2024-07-09,ethena-usde,SUSDE,Ethereum,15.71947,1523395682,1523395682,15.71947,0.0
2024-07-10,ethena-usde,SUSDE,Ethereum,15.67227,1527669899,1527669899,15.67227,0.0
2024-07-11,fluid-lending,USDT,Ethereum,12.11914,65054114,65054114,12.11914,0.0
2024-07-12,fluid-lending,USDT,Ethereum,12.57131,62714238,62714238,12.57131,0.0
2024-07-13,fluid-lending,USDT,Ethereum,12.2391,64803569,64803569,12.2391,0.0
2024-07-14,fluid-lending,USDT,Ethereum,12.19846,64631107,64631107,12.19846,0.0
2024-07-15,fluid-lending,USDT,Ethereum,12.13404,65104234,65104234,12.13404,0.0
2024-07-16,fluid-lending,USDT,Ethereum,11.70035,67517412,67517412,11.70035,0.0
2024-07-17,morpho-blue,RE7USDC,Base,12.43318,566491,566491,1.09708,11.3361
2024-07-18,morpho-blue,GTUSDCP,Base,15.8479,371134,371134,3.22014,12.62776
2024-07-19,morpho-blue,GTDAICORE,Ethereum,13.55763,164948,164948,13.55763,0.0
2024-07-20,fluid-lending,USDT,Ethereum,12.2674,64654086,64654086,12.2674,0.0
2024-07-21,aave-v3,USDT,Avalanche,16.77419,2293870,2293870,16.77419,0.0
2024-07-22,fluid-lending,USDT,Ethereum,12.29435,64255353,64255353,12.29435,0.0
2024-07-23,fluid-lending,USDT,Ethereum,11.83156,66635345,66635345,11.83156,0.0
2024-07-24,morpho-blue,GTEUSDC,Ethereum,52.5609,1371206,1371206,3.33138,49.22952
2024-07-25,morpho-blue,GTEUSDC,Ethereum,41.38298,1635273,1635273,2.47027,38.91271
2024-07-26,ethena-usde,SUSDE,Ethereum,12.23029,1550526725,1550526725,12.23029,0.0
2024-07-27,morpho-blue,GTEUSDC,Ethereum,29.41771,2688555,2688555,5.43755,23.98016
2024-07-28,aave-v3,USDC,Base,21.0856,2009958,2009958,21.0856,0.0
2024-07-29,morpho-blue,USUALUSDC+,Ethereum,26.63577,11842309,11842309,26.63577,0.0
2024-07-30,morpho-blue,GTEUSDC,Ethereum,23.39019,2976259,2976259,2.3566,21.03359
2024-07-31,morpho-blue,GTEUSDC,Ethereum,23.01021,2976864,2976864,2.35972,20.65049
2024-08-01,morpho-blue,GTEUSDC,Ethereum,19.3127,3477697,3477697,2.00214,17.31056
2024-08-02,morpho-blue,GTEUSDC,Ethereum,18.78742,3460852,3460852,2.79385,15.99358
2024-08-03,morpho-blue,GTEUSDC,Ethereum,17.31642,3399328,3399328,2.00155,15.31487
2024-08-04,morpho-blue,GTEUSDC,Ethereum,15.29483,3628427,3628427,1.50729,13.78753
2024-08-05,morpho-blue,USUALUSDC+,Ethereum,42.90945,18346402,18346402,42.90945,0.0
2024-08-06,morpho-blue,GTEUSDC,Ethereum,26.15676,2597732,2597732,9.00999,17.14677
2024-08-07,morpho-blue,GTEUSDC,Ethereum,27.5549,2634190,2634190,11.56711,15.9878
2024-08-08,morpho-blue,USUALUSDC+,Ethereum,30.42228,22001624,22001624,30.42228,0.0
2024-08-09,morpho-blue,GTEUSDC,Ethereum,17.57983,3314530,3314530,2.68376,14.89607
2024-08-10,morpho-blue,GTEUSDC,Ethereum,16.72719,3630342,3630342,3.0931,13.63409
2024-08-11,morpho-blue,GTEUSDC,Ethereum,16.27721,3558227,3558227,3.16303,13.11418
2024-08-12,morpho-blue,GTEUSDC,Ethereum,16.47187,3646673,3646673,3.04996,13.42191
2024-08-13,morpho-blue,GTEUSDC,Ethereum,17.59,3716039,3716039,4.05133,13.53868
2024-08-14,fluid-lending,USDT,Ethereum,12.78394,61671121,61671121,12.78394,0.0
2024-08-15,morpho-blue,GTEUSDC,Ethereum,23.40019,3644496,3644496,10.63799,12.7622
2024-08-16,morpho-blue,GTEUSDC,Ethereum,18.59842,4006463,4006463,5.76789,12.83054
2024-08-17,morpho-blue,GTEUSDC,Ethereum,18.66994,4163239,4163239,4.85261,13.81733
2024-08-18,morpho-blue,GTEUSDC,Ethereum,18.95673,4268515,4268515,4.89513,14.0616
2024-08-19,morpho-blue,GTEUSDC,Ethereum,18.99161,4267927,4267927,5.10364,13.88797
2024-08-20,morpho-blue,GTEUSDC,Ethereum,20.54833,4313066,4313066,5.14891,15.39942
2024-08-21,fluid-lending,USDT,Ethereum,10.32036,61109013,61109013,10.32036,0.0
2024-08-22,fluid-lending,USDT,Ethereum,9.9606,63297528,63297528,9.9606,0.0
2024-08-23,fluid-lending,USDT,Ethereum,9.86091,63699150,63699150,9.86091,0.0
2024-08-24,morpho-blue,GTEUSDC,Ethereum,19.41087,5181928,5181928,3.49743,15.91344
2024-08-25,morpho-blue,GTEUSDC,Ethereum,20.08192,5183959,5183959,4.26395,15.81798
2024-08-26,morpho-blue,GTEUSDC,Ethereum,18.32113,5501720,5501720,3.33113,14.99
2024-08-27,morpho-blue,GTEUSDC,Ethereum,19.32928,5679321,5679321,4.9511,14.37818
2024-08-28,morpho-blue,GTEUSDC,Ethereum,15.02961,6800086,6800086,2.91193,12.11768
2024-08-29,morpho-blue,GTEUSDC,Ethereum,15.01588,6794734,6794734,2.89873,12.11714
2024-08-30,morpho-blue,GTEUSDC,Ethereum,15.00839,6797253,6797253,2.8934,12.11499
2024-08-31,morpho-blue,GTEUSDC,Ethereum,14.97038,6803285,6803285,2.87179,12.09859
2024-09-01,morpho-blue,GTEUSDC,Ethereum,13.69201,7546194,7546194,2.80343,10.88858
2024-09-02,morpho-blue,GTEUSDC,Ethereum,13.36026,7630157,7630157,2.57542,10.78485
2024-09-03,morpho-blue,GTEUSDC,Ethereum,13.28329,7897658,7897658,2.89885,10.38444
2024-09-04,morpho-blue,GTEUSDC,Ethereum,13.77985,7502255,7502255,2.82857,10.95128
2024-09-05,morpho-blue,GTEUSDC,Ethereum,12.31903,7479948,7479948,2.83302,9.48602
2024-09-06,morpho-blue,GTEUSDC,Ethereum,13.59235,6280369,6280369,2.17083,11.42152
2024-09-07,fluid-lending,USDT,Ethereum,8.52108,74005318,74005318,8.52108,0.0
2024-09-08,fluid-lending,USDT,Ethereum,8.55063,73613606,73613606,8.55063,0.0
2024-09-09,fluid-lending,USDT,Ethereum,8.41887,74917427,74917427,8.41887,0.0
2024-09-10,fluid-lending,USDT,Ethereum,8.3589,75605880,75605880,8.3589,0.0
2024-09-11,aave-v3,DAI,Ethereum,18.15924,6856110,6856110,18.15924,0.0
2024-09-12,fluid-lending,USDT,Ethereum,8.38887,75179634,75179634,8.38887,0.0
2024-09-13,fluid-lending,USDT,Ethereum,8.30071,76135885,76135885,8.30071,0.0
2024-09-14,morpho-blue,STEAKUSDT,Ethereum,12.03326,4949690,4949690,12.03326,0.0
2024-09-15,morpho-blue,USUALUSDC+,Ethereum,16.56804,49930936,49930936,16.56804,0.0
2024-09-16,fluid-lending,USDT,Ethereum,8.46576,74502504,74502504,8.46576,0.0
2024-09-17,morpho-blue,USUALUSDC+,Ethereum,16.27613,50758840,50758840,16.27613,0.0
2024-09-18,morpho-blue,USUALUSDC+,Ethereum,16.05737,52182219,52182219,16.05737,0.0
2024-09-19,morpho-blue,STEAKUSDT,Ethereum,9.47805,5013522,5013522,9.47805,0.0
2024-09-20,morpho-blue,GTDAICORE,Ethereum,18.75271,249198,249198,18.75271,0.0
2024-09-21,morpho-blue,USUALUSDC+,Ethereum,9.85712,53899493,53899493,9.85712,0.0
2024-09-22,morpho-blue,GTUSDT,Ethereum,9.19017,4834679,4834679,9.19017,0.0
2024-09-23,morpho-blue,GTUSDT,Ethereum,9.28614,4835870,4835870,9.28614,0.0
2024-09-24,morpho-blue,GTUSDC,Ethereum,20.23098,15313676,15313676,20.23098,0.0
2024-09-25,morpho-blue,USUALUSDC+,Ethereum,14.35496,53820323,53820323,14.35496,0.0
2024-09-26,ethena-usde,SUSDE,Ethereum,11.99857,1043672111,1043672111,11.99857,0.0
2024-09-27,ethena-usde,SUSDE,Ethereum,12.0141,1042394836,1042394836,12.0141,0.0
2024-09-28,ethena-usde,SUSDE,Ethereum,12.00316,1043294056,1043294056,12.00316,0.0
2024-09-29,ethena-usde,SUSDE,Ethereum,11.98036,1045172992,1045172992,11.98036,0.0
2024-09-30,morpho-blue,GTDAICORE,Ethereum,12.41981,285399,285399,12.41981,0.0
2024-10-01,aave-v3,USDC,Base,20.28668,2521925,2521925,20.28668,0.0
2024-10-02,ethena-usde,SUSDE,Ethereum,11.588,1078668640,1078668640,11.588,0.0
2024-10-03,ethena-usde,SUSDE,Ethereum,11.39751,1095761073,1095761073,11.39751,0.0
2024-10-04,ethena-usde,SUSDE,Ethereum,11.03501,1111451288,1111451288,11.03501,0.0
2024-10-05,ethena-usde,SUSDE,Ethereum,10.92787,1121807741,1121807741,10.92787,0.0
2024-10-06,ethena-usde,SUSDE,Ethereum,10.88611,1125899297,1125899297,10.88611,0.0
2024-10-07,ethena-usde,SUSDE,Ethereum,10.90281,1124259042,1124259042,10.90281,0.0
2024-10-08,ethena-usde,SUSDE,Ethereum,10.79969,1134467486,1134467486,10.79969,0.0
2024-10-09,ethena-usde,SUSDE,Ethereum,10.71361,1143138937,1143138937,10.71361,0.0
2024-10-10,morpho-blue,USUALUSDC+,Ethereum,15.14027,57405391,57405391,15.14027,0.0
2024-10-11,morpho-blue,USUALUSDC+,Ethereum,10.70112,59722272,59722272,10.70112,0.0
2024-10-12,morpho-blue,USUALUSDC+,Ethereum,9.69252,60643358,60643358,9.69252,0.0
2024-10-13,morpho-blue,RE7USDC,Base,10.06517,272558,272558,10.06517,0.0
2024-10-14,morpho-blue,USUALUSDC+,Ethereum,10.51803,63256194,63256194,10.51803,0.0
2024-10-15,morpho-blue,USUALUSDC+,Ethereum,10.34566,63712613,63712613,10.34566,0.0
2024-10-16,morpho-blue,REUSDC,Ethereum,16.6929,1379863,1379863,16.6929,0.0
2024-10-17,morpho-blue,REUSDC,Ethereum,16.56296,2473110,2473110,16.56296,0.0
2024-10-18,ethena-usde,SUSDE,Ethereum,12.61983,1243005897,1243005897,12.61983,0.0
2024-10-19,morpho-blue,GTDAICORE,Ethereum,12.19111,281361,281361,12.19111,0.0
2024-10-20,morpho-blue,GTDAICORE,Ethereum,12.50156,289676,289676,12.50156,0.0
2024-10-21,morpho-blue,RE7USDC,Base,15.20848,312697,312697,15.20848,0.0
2024-10-22,morpho-blue,REUSDC,Ethereum,27.12349,3318885,3318885,27.12349,0.0
2024-10-23,fluid-lending,USDC,Arbitrum,15.38,7882387,7882387,11.52,3.86
2024-10-24,ethena-usde,SUSDE,Ethereum,13.47638,1419573593,1419573593,13.47638,0.0
2024-10-25,morpho-blue,USUALUSDC+,Ethereum,19.00555,72769527,72769527,19.00555,0.0
2024-10-26,ethena-usde,SUSDE,Ethereum,13.32261,1434983700,1434983700,13.32261,0.0
2024-10-27,ethena-usde,SUSDE,Ethereum,13.25078,1442304655,1442304655,13.25078,0.0
2024-10-28,fluid-lending,USDC,Arbitrum,14.79,7748673,7748673,10.86,3.93
2024-10-29,morpho-blue,USUALUSDC+,Ethereum,15.39085,70298271,70298271,15.39085,0.0
2024-10-30,morpho-blue,REUSDC,Ethereum,17.7499,6702739,6702739,17.7499,0.0
2024-10-31,ethena-usde,SUSDE,Ethereum,13.59091,1573461136,1573461136,13.59091,0.0
2024-11-01,ethena-usde,SUSDE,Ethereum,13.44553,1589454470,1589454470,13.44553,0.0
2024-11-02,morpho-blue,SPDAI,Ethereum,14.12634,401483270,401483270,14.12634,0.0
2024-11-03,fluid-lending,USDC,Arbitrum,14.84,7245908,7245908,10.64,4.2
2024-11-04,morpho-blue,USUALUSDC+,Ethereum,14.14767,70049114,70049114,14.14767,0.0
2024-11-05,aave-v3,USDC,Base,13.60159,4193428,4193428,13.60159,0.0
2024-11-06,aave-v3,USDT,Polygon,26.27105,2651656,2651656,26.27105,0.0
2024-11-07,morpho-blue,GTDAICORE,Ethereum,20.74899,259538,259538,20.74899,0.0
2024-11-08,ethena-usde,SUSDE,Ethereum,12.89641,1703595906,1703595906,12.89641,0.0
2024-11-09,morpho-blue,GTDAICORE,Ethereum,13.71128,291718,291718,13.71128,0.0
2024-11-10,morpho-blue,GTDAICORE,Ethereum,23.14632,291866,291866,23.14632,0.0
2024-11-11,morpho-blue,SBMORPHOUSDC,Ethereum,19.66668,1045247,1045247,19.66668,0.0
2024-11-12,morpho-blue,GTDAICORE,Ethereum,25.212,293262,293262,25.212,0.0
2024-11-13,fluid-lending,USDC,Ethereum,25.6,98167328,98167328,22.5,3.1
2024-11-14,ethena-usde,SUSDE,Ethereum,28.39244,1892241009,1892241009,28.39244,0.0
2024-11-15,ethena-usde,SUSDE,Ethereum,27.85588,1924566031,1924566031,27.85588,0.0
2024-11-16,ethena-usde,SUSDE,Ethereum,27.46868,1948673879,1948673879,27.46868,0.0
2024-11-17,ethena-usde,SUSDE,Ethereum,26.83802,1989423101,1989423101,26.83802,0.0
2024-11-18,ethena-usde,SUSDE,Ethereum,25.89078,2054341233,2054341233,25.89078,0.0
2024-11-19,aave-v3,USDS,Ethereum,26.49437,5446042,5446042,26.49437,0.0
2024-11-20,ethena-usde,SUSDE,Ethereum,23.53169,2238643502,2238643502,23.53169,0.0
2024-11-21,ethena-usde,SUSDE,Ethereum,23.81209,2329026578,2329026578,23.81209,0.0
2024-11-22,morpho-blue,GTDAICORE,Ethereum,35.65034,1157811,1157811,35.65034,0.0
2024-11-23,ethena-usde,SUSDE,Ethereum,22.67978,2433924075,2433924075,22.67978,0.0
2024-11-24,ethena-usde,SUSDE,Ethereum,22.33804,2467665112,2467665112,22.33804,0.0
2024-11-25,ethena-usde,SUSDE,Ethereum,21.95536,2506691559,2506691559,21.95536,0.0
2024-11-26,morpho-blue,RE7USDC,Base,21.76437,1351536,1351536,21.76437,0.0
2024-11-27,aave-v3,DAI,Ethereum,59.32806,234763,234763,59.32806,0.0
2024-11-28,ethena-usde,SUSDE,Ethereum,30.42471,2690091106,2690091106,30.42471,0.0
2024-11-29,ethena-usde,SUSDE,Ethereum,28.20761,2876183189,2876183189,28.20761,0.0
2024-11-30,aave-v3,DAI,Ethereum,29.43219,7262179,7262179,29.43219,0.0
2024-12-01,morpho-blue,USUALUSDC+,Ethereum,33.61409,72111005,72111005,33.61409,0.0
2024-12-02,aave-v3,USDC,Ethereum,41.39938,46885213,46885213,41.39938,0.0
2024-12-03,morpho-blue,STEAKUSDC,Base,31.54758,2329862,2329862,31.54758,0.0
2024-12-04,fluid-lending,USDT,Ethereum,30.29,103328667,103328667,24.39,5.9
2024-12-05,morpho-blue,USUALUSDC+,Ethereum,56.57043,83798132,83798132,56.57043,0.0
2024-12-06,ethena-usde,SUSDE,Ethereum,26.29712,3547295608,3547295608,26.29712,0.0
2024-12-07,ethena-usde,SUSDE,Ethereum,26.11915,3568899456,3568899456,26.11915,0.0
2024-12-08,morpho-blue,UUSDC,Base,51.22642,311098,311098,51.22642,0.0
2024-12-09,morpho-blue,BBQUSDC,Ethereum,38.15937,106928,106928,38.15937,0.0
2024-12-10,morpho-blue,REUSDC,Ethereum,26.19525,11012428,11012428,26.19525,0.0
2024-12-11,morpho-blue,USUALUSDC+,Ethereum,30.45706,160593605,160593605,30.45706,0.0
2024-12-12,ethena-usde,SUSDE,Ethereum,27.08571,3875881637,3875881637,27.08571,0.0
2024-12-13,ethena-usde,SUSDE,Ethereum,26.92772,3896148759,3896148759,26.92772,0.0
2024-12-14,ethena-usde,SUSDE,Ethereum,26.81781,3910387771,3910387771,26.81781,0.0
2024-12-15,ethena-usde,SUSDE,Ethereum,26.72828,3922072828,3922072828,26.72828,0.0
2024-12-16,ethena-usde,SUSDE,Ethereum,26.55562,3944829559,3944829559,26.55562,0.0
2024-12-17,ethena-usde,SUSDE,Ethereum,26.42194,3962652364,3962652364,26.42194,0.0
2024-12-18,morpho-blue,BBQUSDC,Ethereum,43.47275,3241446,3241446,43.47275,0.0
2024-12-19,morpho-blue,BBQUSDC,Ethereum,30.99002,9452853,9452853,30.99002,0.0
2024-12-20,morpho-blue,BBQUSDC,Ethereum,22.35585,15416442,15416442,22.35585,0.0
2024-12-21,morpho-blue,REUSDC,Ethereum,25.98413,16592384,16592384,25.98413,0.0
2024-12-22,morpho-blue,USUALUSDC+,Ethereum,23.477,365009770,365009770,23.477,0.0
2024-12-23,morpho-blue,USUALUSDC+,Ethereum,25.1817,319937511,319937511,25.1817,0.0
2024-12-24,morpho-blue,USUALUSDC+,Ethereum,28.0451,344696512,344696512,28.0451,0.0
2024-12-25,morpho-blue,USUALUSDC+,Ethereum,23.02643,435121618,435121618,23.02643,0.0
2024-12-26,morpho-blue,BBQUSDC,Ethereum,19.5371,36824464,36824464,19.5371,0.0
2024-12-27,morpho-blue,STEAKUSDC,Base,18.75976,6314450,6314450,18.75976,0.0
2024-12-28,morpho-blue,BBQUSDC,Ethereum,19.20367,65828600,65828600,19.20367,0.0
2024-12-29,morpho-blue,BBQUSDC,Ethereum,18.46335,80963039,80963039,18.46335,0.0
2024-12-30,morpho-blue,BBQUSDC,Ethereum,16.97966,88529653,88529653,16.97966,0.0
2024-12-31,morpho-blue,REUSDC,Ethereum,18.24194,18278509,18278509,18.24194,0.0
2025-01-01,morpho-blue,REUSDC,Ethereum,17.36065,19283679,19283679,17.36065,0.0
2025-01-02,morpho-blue,USUALUSDC+,Ethereum,17.83395,472068325,472068325,17.83395,0.0
2025-01-03,morpho-blue,REUSDC,Ethereum,20.26278,19313314,19313314,20.26278,0.0
2025-01-04,aave-v2,USDT,Ethereum,16.86236,8523,8523,16.86236,0.0
2025-01-05,morpho-blue,GTDAICORE,Ethereum,21.05467,56117229,56117229,21.05467,0.0
2025-01-06,morpho-blue,GTDAICORE,Ethereum,23.80431,49143413,49143413,23.80431,0.0
2025-01-07,aave-v3,USDT,Ethereum,18.2921,159069270,159069270,18.2921,0.0
2025-01-08,morpho-blue,BBQUSDT,Ethereum,17.69034,713928,713928,17.69034,0.0
2025-01-09,morpho-blue,APRUSDC,Ethereum,40.19412,1043592,1043592,40.19412,0.0
2025-01-10,morpho-blue,USUALUSDC+,Ethereum,60.66439,580738180,580738180,60.66439,0.0
2025-01-11,morpho-blue,GTDAICORE,Ethereum,14.17077,19367615,19367615,14.17077,0.0
2025-01-12,morpho-blue,USUALUSDC+,Ethereum,14.85319,422976300,422976300,14.85319,0.0
2025-01-13,morpho-blue,USUALUSDC+,Ethereum,16.01156,377849380,377849380,16.01156,0.0
2025-01-14,morpho-blue,USUALUSDC+,Ethereum,13.46764,397337312,397337312,13.46764,0.0
2025-01-15,morpho-blue,USUALUSDC+,Ethereum,28.54287,349813659,349813659,28.54287,0.0
2025-01-16,morpho-blue,USUALUSDC+,Ethereum,19.89144,367814661,367814661,19.89144,0.0
2025-01-17,morpho-blue,HUSDC,Ethereum,18.85012,8599,8599,18.85012,0.0
2025-01-18,morpho-blue,HUSDC,Ethereum,19.86979,8607,8607,19.86979,0.0
2025-01-19,euler-v2,USDC,Ethereum,29.286,813810,813810,29.286,0.0
2025-01-20,euler-v2,USDC,Ethereum,30.01627,804645,804645,30.01627,0.0
2025-01-21,morpho-blue,BBQUSDT,Ethereum,21.38717,1397724,1397724,21.38717,0.0
2025-01-22,aave-v2,USDT,Ethereum,15.32533,1033514,1033514,15.32533,0.0
2025-01-23,morpho-blue,BBQUSDT,Ethereum,31.07107,1520268,1520268,31.07107,0.0
2025-01-24,morpho-blue,GTEUSDC,Ethereum,22.92254,6455777,6455777,8.56157,14.36097
2025-01-25,euler-v2,USDC,Ethereum,30.08095,722775,722775,30.08095,0.0
2025-01-26,morpho-blue,GTEUSDC,Ethereum,22.80562,6663195,6663195,9.46993,13.33569
2025-01-27,morpho-blue,GTEUSDC,Ethereum,23.49391,6663581,6663581,10.17617,13.31775
2025-01-28,morpho-blue,GTEUSDC,Ethereum,20.73101,6327558,6327558,6.43976,14.29125
2025-01-29,morpho-blue,GTEUSDC,Ethereum,19.84617,6712369,6712369,5.90251,13.94366
2025-01-30,morpho-blue,GTEUSDC,Ethereum,20.97659,6247670,6247670,6.39602,14.58057
2025-01-31,morpho-blue,GTEUSDC,Ethereum,24.83739,5822713,5822713,11.17387,13.66353
2025-02-01,morpho-blue,BBQUSDT,Ethereum,24.81067,2768113,2768113,23.58151,1.22916
2025-02-02,morpho-blue,HUSDC,Ethereum,29.0173,13252749,13252749,29.0173,0.0
2025-02-03,morpho-blue,BBQUSDT,Ethereum,26.53122,2804914,2804914,25.71404,0.81717
2025-02-04,morpho-blue,REUSDC,Ethereum,17.03652,24341392,24341392,16.93195,0.10457
2025-02-05,morpho-blue,GTEUSDC,Ethereum,18.13065,5751340,5751340,4.47121,13.65944
2025-02-06,morpho-blue,HUSDC,Ethereum,19.52289,20392713,20392713,19.52289,0.0
2025-02-07,morpho-blue,GTEUSDC,Ethereum,13.18845,8124794,8124794,3.04587,10.14258
2025-02-08,morpho-blue,GTEUSDC,Ethereum,13.60761,7602414,7602414,2.60594,11.00167
2025-02-09,morpho-blue,BBQUSDT,Ethereum,37.57012,2588925,2588925,37.56536,0.00476
2025-02-10,euler-v2,USDC,Ethereum,15.6791,946641,946641,15.6791,0.0
2025-02-11,morpho-blue,BBQUSDT,Ethereum,33.61461,2872473,2872473,33.51374,0.10087
2025-02-12,morpho-blue,SMUSDC,Base,14.48126,17548539,17548539,8.21543,6.26583
2025-02-13,morpho-blue,GTEUSDC,Ethereum,13.57642,7299919,7299919,2.25547,11.32096
2025-02-14,morpho-blue,GTEUSDC,Ethereum,13.64094,7294356,7294356,2.24262,11.39832
2025-02-15,morpho-blue,GTEUSDC,Ethereum,13.61358,7300762,7300762,2.23005,11.38352
2025-02-16,morpho-blue,GTEUSDC,Ethereum,13.56822,7288206,7288206,2.22082,11.3474
2025-02-17,morpho-blue,RE7USDC,Base,17.07257,3628023,3628023,15.74923,1.32334
2025-02-18,morpho-blue,GTEUSDC,Ethereum,13.78118,6783980,6783980,1.76918,12.012
2025-02-19,morpho-blue,STEAKUSDC,Base,19.6331,4757256,4757256,17.45934,2.17376
2025-02-20,morpho-blue,UUSDC,Base,16.2431,265946,265946,5.18128,11.06182
2025-02-21,aave-v3,USDE,Ethereum,19.9296,5571664,5571664,19.9296,0.0
2025-02-22,morpho-blue,GTEUSDC,Ethereum,14.32075,7351040,7351040,1.73266,12.58809
2025-02-23,morpho-blue,GTEUSDC,Ethereum,14.26532,7340241,7340241,1.70137,12.56396
2025-02-24,morpho-blue,GTEUSDC,Ethereum,15.24443,6340788,6340788,1.10612,14.13832
2025-02-25,morpho-blue,HUSDC,Ethereum,25.01839,28647375,28647375,25.01839,0.0
2025-02-26,morpho-blue,HUSDC,Ethereum,31.2023,26085723,26085723,31.2023,0.0
2025-02-27,morpho-blue,GTEUSDC,Ethereum,18.85274,4798357,4798357,0.73356,18.11918
2025-02-28,morpho-blue,GTEUSDC,Ethereum,18.61884,4814219,4814219,0.68201,17.93683
2025-03-01,morpho-blue,GTEUSDC,Ethereum,16.69438,5369108,5369108,0.53474,16.15964
2025-03-02,morpho-blue,GTEUSDC,Ethereum,18.04248,4965456,4965456,0.55392,17.48856
2025-03-03,morpho-blue,GTEUSDC,Ethereum,14.07556,6610799,6610799,0.91173,13.16382
2025-03-04,morpho-blue,GTEUSDC,Ethereum,18.47938,4687920,4687920,0.48425,17.99512
2025-03-05,morpho-blue,GTEUSDC,Ethereum,16.06744,6360873,6360873,2.61889,13.44855
2025-03-06,morpho-blue,GTEUSDC,Ethereum,13.96109,6859303,6859303,1.87625,12.08485
2025-03-07,morpho-blue,GTEUSDC,Ethereum,12.77179,7814726,7814726,1.66916,11.10263
2025-03-08,morpho-blue,GTEUSDC,Ethereum,11.81071,8516662,8516662,1.54016,10.27056
2025-03-09,morpho-blue,GTEUSDC,Ethereum,11.68994,8170838,8170838,1.18782,10.50213
2025-03-10,morpho-blue,GTEUSDC,Ethereum,12.37512,7573977,7573977,1.20006,11.17506
2025-03-11,morpho-blue,GTEUSDC,Ethereum,11.1745,8164736,8164736,0.66788,10.50662
2025-03-12,morpho-blue,GTEUSDC,Ethereum,11.24937,8164279,8164279,0.69987,10.54949
2025-03-13,euler-v2,USDC,Ethereum,28.60865,1220351,1220351,28.60865,0.0
2025-03-14,morpho-blue,GTEUSDC,Ethereum,11.64312,7999534,7999534,0.88685,10.75627
2025-03-15,morpho-blue,GTEUSDC,Ethereum,11.64309,7999534,7999534,0.88683,10.75626
2025-03-16,morpho-blue,GTEUSDC,Ethereum,11.64312,7999534,7999534,0.88685,10.75627
2025-03-17,morpho-blue,GTEUSDC,Ethereum,11.64309,7999534,7999534,0.88683,10.75626
2025-03-18,morpho-blue,GTEUSDC,Ethereum,11.59551,8085012,8085012,0.9629,10.63261
2025-03-19,morpho-blue,COUSDC,Base,12.31006,32815,32815,12.31006,0.0
2025-03-20,morpho-blue,HYPERUSDC,Ethereum,51.154,999983,999983,50.05248,1.10152
2025-03-21,morpho-blue,HYPERUSDC,Ethereum,15.34263,6212946,6212946,14.98179,0.36084
2025-03-22,fluid-lending,USDT,Polygon,11.57,9994962,9994962,0.07,11.5
2025-03-23,morpho-blue,COUSDC,Base,36.68343,164477,164477,36.68343,0.0
2025-03-24,morpho-blue,STEAKUSDC,Base,16.06443,4023758,4023758,15.43314,0.63129
2025-03-25,fluid-lending,USDT,Polygon,12.08,10436589,10436589,0.04,12.04
2025-03-26,fluid-lending,USDT,Polygon,11.82,10903241,10903241,0.04,11.78
2025-03-27,fluid-lending,USDT,Polygon,11.35,11280691,11280691,0.04,11.31
2025-03-28,morpho-blue,GTDAICORE,Ethereum,11.21702,14143171,14143171,11.20141,0.01561
2025-03-29,morpho-blue,COUSDC,Base,45.57501,375097,375097,45.57501,0.0
2025-03-30,ethena-usde,SUSDE,Ethereum,10.76762,1942910487,1942910487,10.76762,0.0
2025-03-31,ethena-usde,SUSDE,Ethereum,10.81596,1934648397,1934648397,10.81596,0.0
2025-04-01,morpho-blue,STEAKUSDC,Base,11.28131,3089765,3089765,10.5751,0.70621
2025-04-02,morpho-blue,COUSDC,Base,21.07219,1127317,1127317,21.07219,0.0
2025-04-03,morpho-blue,GTEUSDC,Ethereum,10.15382,8732327,8732327,1.29892,8.8549
2025-04-04,morpho-blue,GTEUSDC,Ethereum,10.16925,8737342,8737342,1.28218,8.88707
2025-04-05,morpho-blue,BBQUSDT,Ethereum,16.7579,1871754,1871754,16.66032,0.09758
2025-04-06,morpho-blue,GTDAICORE,Ethereum,10.5181,24613289,24613289,10.5181,0.0
2025-04-07,morpho-blue,GTUSDCC,Base,26.1633,6190389,6190389,26.1633,0.0
2025-04-08,morpho-blue,COUSDC,Base,11.82275,2215631,2215631,11.82275,0.0
2025-04-09,morpho-blue,FUSDC,Ethereum,10.5723,1410443,1410443,10.5723,0.0
2025-04-10,morpho-blue,HYPERUSDC,Ethereum,23.04438,7454780,7454780,23.04438,0.0
2025-04-11,morpho-blue,GTEUSDC,Ethereum,9.9751,8034596,8034596,0.39807,9.57703
2025-04-12,morpho-blue,GTEUSDC,Ethereum,9.61848,8332086,8332086,0.31165,9.30683
2025-04-13,morpho-blue,HYPERUSDC,Ethereum,12.20446,14008201,14008201,12.05577,0.14868
2025-04-14,morpho-blue,FUSDC,Ethereum,17.17086,1690411,1690411,17.17086,0.0
2025-04-15,morpho-blue,STEAKUSDC,Base,10.38185,3001286,3001286,10.04219,0.33966
2025-04-16,morpho-blue,FUSDC,Ethereum,13.33973,1968348,1968348,13.33973,0.0
2025-04-17,morpho-blue,FUSDC,Ethereum,21.88642,2241259,2241259,21.88642,0.0
2025-04-18,morpho-blue,GTEUSDC,Ethereum,9.14089,8561764,8561764,0.416,8.72489
2025-04-19,morpho-blue,GTEUSDC,Ethereum,9.15194,8542552,8542552,0.40266,8.74928
2025-04-20,morpho-blue,GTEUSDC,Ethereum,9.40121,8547707,8547707,0.38938,9.01184
2025-04-21,morpho-blue,FUSDC,Ethereum,22.712,2914176,2914176,22.712,0.0
2025-04-22,morpho-blue,GTEUSDC,Ethereum,9.13533,9324639,9324639,0.82369,8.31165
2025-04-23,morpho-blue,COUSDC,Base,14.66954,2065360,2065360,14.66954,0.0
2025-04-24,fluid-lending,USDT,Polygon,9.04,15049267,15049267,0.0,9.04
2025-04-25,morpho-blue,HYPERUSDC,Ethereum,8.56613,8955123,8955123,8.56613,0.0
2025-04-26,morpho-blue,FUSDC,Ethereum,19.02345,4149084,4149084,19.02345,0.0
2025-04-27,morpho-blue,FUSDC,Ethereum,12.52268,5178207,5178207,12.52268,0.0
2025-04-28,morpho-blue,USDC,Ethereum,11.85832,939165,939165,11.85832,0.0
2025-04-29,morpho-blue,BBQUSDT,Ethereum,13.18645,2183632,2183632,13.15257,0.03389
2025-04-30,morpho-blue,COUSDC,Base,10.12547,4126926,4126926,10.12547,0.0
2025-05-01,euler-v2,USDT,Ethereum,13.29056,1411426,1411426,13.29056,0.0
2025-05-02,morpho-blue,USDC,Ethereum,9.33183,939672,939672,9.33183,0.0
2025-05-03,euler-v2,USDT,Avalanche,8.87127,3121744,3121744,8.87127,0.0
2025-05-04,morpho-blue,USDC,Ethereum,17.26318,941824,941824,17.26318,0.0
2025-05-05,euler-v2,USDT,Avalanche,8.57101,3599415,3599415,8.57101,0.0
2025-05-06,morpho-blue,9SUSDC11CORE,Ethereum,9.49514,1594433,1594433,9.0601,0.43505
2025-05-07,morpho-blue,USDC,Ethereum,12.54656,974075,974075,12.54656,0.0
2025-05-08,euler-v2,USDC,Avalanche,15.6239,5080362,5080362,15.6239,0.0
2025-05-09,euler-v2,USDT,Avalanche,16.6687,2148443,2148443,16.6687,0.0
2025-05-10,morpho-blue,USDC,Ethereum,32.2722,1142862,1142862,32.2722,0.0
2025-05-11,morpho-blue,RESOLVUSDC,Ethereum,13.23233,19021358,19021358,13.23233,0.0
2025-05-12,euler-v2,USDT,Ethereum,12.70205,1181725,1181725,12.70205,0.0
2025-05-13,morpho-blue,USDC,Ethereum,14.46601,1293921,1293921,14.46601,0.0
2025-05-14,euler-v2,USDC,Avalanche,10.06643,6922100,6922100,10.06643,0.0
2025-05-15,morpho-blue,STEAKUSDC,Base,14.76085,2553474,2553474,14.07855,0.6823
2025-05-16,euler-v2,USDC,Ethereum,20.08454,2369928,2369928,15.90038,4.18416
2025-05-17,morpho-blue,GTDAICORE,Ethereum,11.09129,6288994,6288994,11.09129,0.0
2025-05-18,euler-v2,USDT,Ethereum,10.47695,1263996,1263996,8.37049,2.10645
2025-05-19,euler-v2,USDC,Avalanche,15.74895,6544226,6544226,14.23824,1.51071
2025-05-20,euler-v2,USDT,Ethereum,11.61798,1132318,1132318,9.37813,2.23986
2025-05-21,euler-v2,USDC,Avalanche,11.34814,7099944,7099944,9.84006,1.50808
2025-05-22,morpho-blue,RESOLVUSDC,Ethereum,12.59308,11494541,11494541,12.59308,0.0
2025-05-23,euler-v2,USDC,Avalanche,15.72232,5577731,5577731,13.90287,1.81944
2025-05-24,euler-v2,USDT,Avalanche,15.52411,3334936,3334936,15.52411,0.0
2025-05-25,morpho-blue,STEAKUSDCLEVEL,Ethereum,11.14673,4036836,4036836,10.09878,1.04795
2025-05-26,morpho-blue,FUSDC,Ethereum,18.87402,7399387,7399387,18.87402,0.0
2025-05-27,euler-v2,USDT,Avalanche,12.60655,3597248,3597248,12.60655,0.0
2025-05-28,euler-v2,USDT,Ethereum,21.55429,699012,699012,19.26613,2.28816
2025-05-29,morpho-blue,BBQUSDT,Ethereum,16.57518,3136770,3136770,15.59895,0.97623
2025-05-30,euler-v2,USDC,Avalanche,12.38735,6120132,6120132,10.81487,1.57248
2025-05-31,euler-v2,USDT,Avalanche,9.54621,3103702,3103702,9.54621,0.0
2025-06-01,euler-v2,USDT,Ethereum,13.78979,1075505,1075505,11.75461,2.03518
2025-06-02,morpho-blue,HYUSDC,Ethereum,8.78252,3406168,3406168,7.86432,0.9182
2025-06-03,morpho-blue,HYUSDC,Ethereum,12.09029,3406891,3406891,11.13664,0.95365
2025-06-04,morpho-blue,HYUSDC,Ethereum,17.79702,3407668,3407668,17.09677,0.70025
2025-06-05,morpho-blue,RESOLVUSDC,Ethereum,24.4518,9430072,9430072,24.4518,0.0
