date,protocol,asset,chain,best_apy_base,tvl,tvl_usd,apy_base,apy_reward
2024-06-06,morpho-blue,GTUSDCCORE,Ethereum,29.4298,2213621,2213621,29.4298,1.11687
2024-06-07,ethena-usde,SUSDE,Ethereum,25.36063,1329644669,1329644669,25.36063,0.0
2024-06-08,ethena-usde,SUSDE,Ethereum,24.68142,1362463072,1362463072,24.68142,0.0
2024-06-09,morpho-blue,GTUSDCCORE,Ethereum,44.07832,5543265,5543265,44.07832,2.2781
2024-06-10,ethena-usde,SUSDE,Ethereum,23.4354,1427595183,1427595183,23.4354,0.0
2024-06-11,ethena-usde,SUSDE,Ethereum,23.00921,1451486797,1451486797,23.00921,0.0
2024-06-12,ethena-usde,SUSDE,Ethereum,22.62092,1474034683,1474034683,22.62092,0.0
2024-06-13,morpho-blue,GTUSDCCORE,Ethereum,18.94758,6217226,6217226,18.94758,0.0
2024-06-14,morpho-blue,GTUSDCCORE,Ethereum,18.55313,6319325,6319325,18.55313,0.0
2024-06-15,ethena-usde,SUSDE,Ethereum,16.96518,1502764878,1502764878,16.96518,0.0
2024-06-16,ethena-usde,SUSDE,Ethereum,16.88487,1509390805,1509390805,16.88487,0.0
2024-06-17,ethena-usde,SUSDE,Ethereum,16.80761,1515824414,1515824414,16.80761,0.0
2024-06-18,morpho-blue,STEAKUSDT,Ethereum,17.81354,5509616,5509616,17.81354,0.0
2024-06-19,ethena-usde,SUSDE,Ethereum,16.6374,1530209300,1530209300,16.6374,0.0
2024-06-20,fluid-lending,USDT,Ethereum,15.9068,49501271,49501271,15.9068,0.0
2024-06-21,morpho-blue,STEAKUSDT,Ethereum,17.57748,5463729,5463729,17.57748,0.0
2024-06-22,fluid-lending,USDT,Ethereum,14.11149,55833743,55833743,14.11149,0.0
2024-06-23,fluid-lending,USDT,Ethereum,14.43235,54554531,54554531,14.43235,0.0
2024-06-24,fluid-lending,USDT,Ethereum,15.4998,50781383,50781383,15.4998,0.0
2024-06-25,fluid-lending,USDT,Ethereum,15.326,51400548,51400548,15.326,0.0
2024-06-26,fluid-lending,USDT,Ethereum,15.19864,51820679,51820679,15.19864,0.0
2024-06-27,fluid-lending,USDT,Ethereum,14.80985,53099481,53099481,14.80985,0.0
2024-06-28,fluid-lending,USDT,Ethereum,13.2386,59319091,59319091,13.2386,0.0
2024-06-29,fluid-lending,USDT,Ethereum,12.86356,61187474,61187474,12.86356,0.0
2024-06-30,fluid-lending,USDT,Ethereum,12.40053,63314596,63314596,12.40053,0.0
2024-07-01,fluid-lending,USDT,Ethereum,12.28783,64030843,64030843,12.28783,0.0
2024-07-02,fluid-lending,USDT,Ethereum,11.88252,66205374,66205374,11.88252,0.0
2024-07-03,fluid-lending,USDT,Ethereum,12.09753,65073403,65073403,12.09753,0.0
2024-07-04,ethena-usde,SUSDE,Ethereum,15.63481,1531081404,1531081404,15.63481,0.0
2024-07-05,ethena-usde,SUSDE,Ethereum,15.73597,1521906664,1521906664,15.73597,0.0
2024-07-06,ethena-usde,SUSDE,Ethereum,15.68584,1526438590,1526438590,15.68584,0.0
2024-07-07,ethena-usde,SUSDE,Ethereum,15.70203,1524971504,1524971504,15.70203,0.0
2024-07-08,ethena-usde,SUSDE,Ethereum,15.71214,1524057880,1524057880,15.71214,0.0
2024-07-09,ethena-usde,SUSDE,Ethereum,15.71947,1523395682,1523395682,15.71947,0.0
2024-07-10,ethena-usde,SUSDE,Ethereum,15.67227,1527669899,1527669899,15.67227,0.0
2024-07-11,fluid-lending,USDT,Ethereum,12.11914,65054114,65054114,12.11914,0.0
2024-07-12,fluid-lending,USDT,Ethereum,12.57131,62714238,62714238,12.57131,0.0
2024-07-13,fluid-lending,USDT,Ethereum,12.2391,64803569,64803569,12.2391,0.0
2024-07-14,fluid-lending,USDT,Ethereum,12.19846,64631107,64631107,12.19846,0.0
2024-07-15,fluid-lending,USDT,Ethereum,12.13404,65104234,65104234,12.13404,0.0
2024-07-16,fluid-lending,USDT,Ethereum,11.70035,67517412,67517412,11.70035,0.0
2024-07-17,fluid-lending,USDT,Ethereum,11.70031,67382809,67382809,11.70031,0.0
2024-07-18,fluid-lending,USDT,Ethereum,11.73981,67133299,67133299,11.73981,0.0
2024-07-19,fluid-lending,USDT,Ethereum,12.25593,64328070,64328070,12.25593,0.0
2024-07-20,fluid-lending,USDT,Ethereum,12.2674,64654086,64654086,12.2674,0.0
2024-07-21,aave-v3,USDT,Avalanche,16.77419,2293870,2293870,16.77419,0.0
2024-07-22,fluid-lending,USDT,Ethereum,12.29435,64255353,64255353,12.29435,0.0
2024-07-23,fluid-lending,USDT,Ethereum,11.83156,66635345,66635345,11.83156,0.0
2024-07-24,morpho-blue,STEAKUSDT,Ethereum,19.8883,5046545,5046545,19.8883,0.0
2024-07-25,ethena-usde,SUSDE,Ethereum,12.18478,1556001305,1556001305,12.18478,0.0
2024-07-26,ethena-usde,SUSDE,Ethereum,12.23029,1550526725,1550526725,12.23029,0.0
2024-07-27,morpho-blue,USUALUSDC+,Ethereum,20.38838,6028716,6028716,20.38838,0.0
2024-07-28,aave-v3,USDC,Base,21.0856,2009958,2009958,21.0856,0.0
2024-07-29,morpho-blue,USUALUSDC+,Ethereum,26.63577,11842309,11842309,26.63577,0.0
2024-07-30,morpho-blue,USUALUSDC+,Ethereum,13.1467,17125169,17125169,13.1467,0.0
2024-07-31,ethena-usde,SUSDE,Ethereum,12.43764,1526084708,1526084708,12.43764,0.0
2024-08-01,morpho-blue,USUALUSDC+,Ethereum,17.25944,18864571,18864571,17.25944,0.0
2024-08-02,ethena-usde,SUSDE,Ethereum,13.66388,1516548366,1516548366,13.66388,0.0
2024-08-03,ethena-usde,SUSDE,Ethereum,13.66923,1515990538,1515990538,13.66923,0.0
2024-08-04,ethena-usde,SUSDE,Ethereum,13.72357,1510348530,1510348530,13.72357,0.0
2024-08-05,morpho-blue,USUALUSDC+,Ethereum,42.90945,18346402,18346402,42.90945,0.0
2024-08-06,ethena-usde,SUSDE,Ethereum,14.82302,1405086787,1405086787,14.82302,0.0
2024-08-07,ethena-usde,SUSDE,Ethereum,14.90979,1397439422,1397439422,14.90979,0.0
2024-08-08,morpho-blue,USUALUSDC+,Ethereum,30.42228,22001624,22001624,30.42228,0.0
2024-08-09,fluid-lending,USDT,Ethereum,12.83754,61536543,61536543,12.83754,0.0
2024-08-10,fluid-lending,USDT,Ethereum,12.64401,62353620,62353620,12.64401,0.0
2024-08-11,aave-v3,USDE,Ethereum,13.56933,4175544,4175544,13.56933,0.0
2024-08-12,fluid-lending,USDT,Ethereum,12.86057,61303662,61303662,12.86057,0.0
2024-08-13,fluid-lending,USDT,Ethereum,13.19719,59739982,59739982,13.19719,0.0
2024-08-14,fluid-lending,USDT,Ethereum,12.78394,61671121,61671121,12.78394,0.0
2024-08-15,fluid-lending,USDT,Ethereum,12.5854,62769358,62769358,12.5854,0.0
2024-08-16,fluid-lending,USDT,Ethereum,12.76453,61752303,61752303,12.76453,0.0
2024-08-17,fluid-lending,USDT,Ethereum,12.03547,65506352,65506352,12.03547,0.0
2024-08-18,morpho-blue,USUALUSDC+,Ethereum,10.92652,31859060,31859060,10.92652,0.0
2024-08-19,morpho-blue,USUALUSDC+,Ethereum,11.60653,32010249,32010249,11.60653,0.0
2024-08-20,fluid-lending,USDT,Ethereum,9.74423,64727508,64727508,9.74423,0.0
2024-08-21,fluid-lending,USDT,Ethereum,10.32036,61109013,61109013,10.32036,0.0
2024-08-22,fluid-lending,USDT,Ethereum,9.9606,63297528,63297528,9.9606,0.0
2024-08-23,fluid-lending,USDT,Ethereum,9.86091,63699150,63699150,9.86091,0.0
2024-08-24,fluid-lending,USDT,Ethereum,10.06386,62671749,62671749,10.06386,0.0
2024-08-25,fluid-lending,USDT,Ethereum,10.08245,62681398,62681398,10.08245,0.0
2024-08-26,fluid-lending,USDT,Ethereum,9.62161,65529203,65529203,9.62161,0.0
2024-08-27,fluid-lending,USDT,Ethereum,9.78954,64556856,64556856,9.78954,0.0
2024-08-28,fluid-lending,USDT,Ethereum,9.7785,64629772,64629772,9.7785,0.0
2024-08-29,fluid-lending,USDT,Ethereum,9.7106,64951704,64951704,9.7106,0.0
2024-08-30,fluid-lending,USDT,Ethereum,9.76823,64560600,64560600,9.76823,0.0
2024-08-31,fluid-lending,USDT,Ethereum,9.71865,64873531,64873531,9.71865,0.0
2024-09-01,fluid-lending,USDT,Ethereum,9.59402,65206788,65206788,9.59402,0.0
2024-09-02,fluid-lending,USDT,Ethereum,9.74781,64703772,64703772,9.74781,0.0
2024-09-03,fluid-lending,USDT,Ethereum,9.64306,65338483,65338483,9.64306,0.0
2024-09-04,fluid-lending,USDT,Ethereum,8.9911,70128335,70128335,8.9911,0.0
2024-09-05,morpho-blue,STEAKUSDT,Ethereum,10.1574,4842998,4842998,10.1574,0.0
2024-09-06,fluid-lending,USDT,Ethereum,8.75769,71964847,71964847,8.75769,0.0
2024-09-07,fluid-lending,USDT,Ethereum,8.52108,74005318,74005318,8.52108,0.0
2024-09-08,fluid-lending,USDT,Ethereum,8.55063,73613606,73613606,8.55063,0.0
2024-09-09,fluid-lending,USDT,Ethereum,8.41887,74917427,74917427,8.41887,0.0
2024-09-10,fluid-lending,USDT,Ethereum,8.3589,75605880,75605880,8.3589,0.0
2024-09-11,aave-v3,DAI,Ethereum,18.15924,6856110,6856110,18.15924,0.0
2024-09-12,fluid-lending,USDT,Ethereum,8.38887,75179634,75179634,8.38887,0.0
2024-09-13,fluid-lending,USDT,Ethereum,8.30071,76135885,76135885,8.30071,0.0
2024-09-14,morpho-blue,STEAKUSDT,Ethereum,12.03326,4949690,4949690,12.03326,0.0
2024-09-15,morpho-blue,USUALUSDC+,Ethereum,16.56804,49930936,49930936,16.56804,0.0
2024-09-16,fluid-lending,USDT,Ethereum,8.46576,74502504,74502504,8.46576,0.0
2024-09-17,morpho-blue,USUALUSDC+,Ethereum,16.27613,50758840,50758840,16.27613,0.0
2024-09-18,morpho-blue,USUALUSDC+,Ethereum,16.05737,52182219,52182219,16.05737,0.0
2024-09-19,morpho-blue,STEAKUSDT,Ethereum,9.47805,5013522,5013522,9.47805,0.0
2024-09-20,morpho-blue,USUALUSDC+,Ethereum,16.03089,53215091,53215091,16.03089,0.0
2024-09-21,morpho-blue,USUALUSDC+,Ethereum,9.85712,53899493,53899493,9.85712,0.0
2024-09-22,morpho-blue,GTUSDT,Ethereum,9.19017,4834679,4834679,9.19017,0.0
2024-09-23,morpho-blue,GTUSDT,Ethereum,9.28614,4835870,4835870,9.28614,0.0
2024-09-24,morpho-blue,GTUSDC,Ethereum,20.23098,15313676,15313676,20.23098,0.0
2024-09-25,morpho-blue,USUALUSDC+,Ethereum,14.35496,53820323,53820323,14.35496,0.0
2024-09-26,ethena-usde,SUSDE,Ethereum,11.99857,1043672111,1043672111,11.99857,0.0
2024-09-27,ethena-usde,SUSDE,Ethereum,12.0141,1042394836,1042394836,12.0141,0.0
2024-09-28,ethena-usde,SUSDE,Ethereum,12.00316,1043294056,1043294056,12.00316,0.0
2024-09-29,ethena-usde,SUSDE,Ethereum,11.98036,1045172992,1045172992,11.98036,0.0
2024-09-30,morpho-blue,USUALUSDC+,Ethereum,12.29066,56122548,56122548,12.29066,0.0
2024-10-01,aave-v3,USDC,Base,20.28668,2521925,2521925,20.28668,0.0
2024-10-02,ethena-usde,SUSDE,Ethereum,11.588,1078668640,1078668640,11.588,0.0
2024-10-03,ethena-usde,SUSDE,Ethereum,11.39751,1095761073,1095761073,11.39751,0.0
2024-10-04,ethena-usde,SUSDE,Ethereum,11.03501,1111451288,1111451288,11.03501,0.0
2024-10-05,ethena-usde,SUSDE,Ethereum,10.92787,1121807741,1121807741,10.92787,0.0
2024-10-06,ethena-usde,SUSDE,Ethereum,10.88611,1125899297,1125899297,10.88611,0.0
2024-10-07,ethena-usde,SUSDE,Ethereum,10.90281,1124259042,1124259042,10.90281,0.0
2024-10-08,ethena-usde,SUSDE,Ethereum,10.79969,1134467486,1134467486,10.79969,0.0
2024-10-09,ethena-usde,SUSDE,Ethereum,10.71361,1143138937,1143138937,10.71361,0.0
2024-10-10,morpho-blue,USUALUSDC+,Ethereum,15.14027,57405391,57405391,15.14027,0.0
2024-10-11,morpho-blue,USUALUSDC+,Ethereum,10.70112,59722272,59722272,10.70112,0.0
2024-10-12,morpho-blue,USUALUSDC+,Ethereum,9.69252,60643358,60643358,9.69252,0.0
2024-10-13,morpho-blue,USUALUSDC+,Ethereum,10.01148,61379213,61379213,10.01148,0.0
2024-10-14,morpho-blue,USUALUSDC+,Ethereum,10.51803,63256194,63256194,10.51803,0.0
2024-10-15,morpho-blue,USUALUSDC+,Ethereum,10.34566,63712613,63712613,10.34566,0.0
2024-10-16,morpho-blue,REUSDC,Ethereum,16.6929,1379863,1379863,16.6929,0.0
2024-10-17,morpho-blue,REUSDC,Ethereum,16.56296,2473110,2473110,16.56296,0.0
2024-10-18,ethena-usde,SUSDE,Ethereum,12.61983,1243005897,1243005897,12.61983,0.0
2024-10-19,ethena-usde,SUSDE,Ethereum,11.81298,1323140455,1323140455,11.81298,0.0
2024-10-20,ethena-usde,SUSDE,Ethereum,11.55961,1350610323,1350610323,11.55961,0.0
2024-10-21,ethena-usde,SUSDE,Ethereum,11.44043,1363952497,1363952497,11.44043,0.0
2024-10-22,morpho-blue,REUSDC,Ethereum,27.12349,3318885,3318885,27.12349,0.0
2024-10-23,fluid-lending,USDC,Arbitrum,11.52,7882387,7882387,11.52,3.86
2024-10-24,ethena-usde,SUSDE,Ethereum,13.47638,1419573593,1419573593,13.47638,0.0
2024-10-25,morpho-blue,USUALUSDC+,Ethereum,19.00555,72769527,72769527,19.00555,0.0
2024-10-26,ethena-usde,SUSDE,Ethereum,13.32261,1434983700,1434983700,13.32261,0.0
2024-10-27,ethena-usde,SUSDE,Ethereum,13.25078,1442304655,1442304655,13.25078,0.0
2024-10-28,morpho-blue,REUSDC,Ethereum,12.59646,6294985,6294985,12.59646,0.0
2024-10-29,morpho-blue,USUALUSDC+,Ethereum,15.39085,70298271,70298271,15.39085,0.0
2024-10-30,morpho-blue,REUSDC,Ethereum,17.7499,6702739,6702739,17.7499,0.0
2024-10-31,ethena-usde,SUSDE,Ethereum,13.59091,1573461136,1573461136,13.59091,0.0
2024-11-01,ethena-usde,SUSDE,Ethereum,13.44553,1589454470,1589454470,13.44553,0.0
2024-11-02,morpho-blue,SPDAI,Ethereum,14.12634,401483270,401483270,14.12634,0.0
2024-11-03,ethena-usde,SUSDE,Ethereum,13.28991,1606961802,1606961802,13.28991,0.0
2024-11-04,morpho-blue,USUALUSDC+,Ethereum,14.14767,70049114,70049114,14.14767,0.0
2024-11-05,aave-v3,USDC,Base,13.60159,4193428,4193428,13.60159,0.0
2024-11-06,aave-v3,USDT,Polygon,26.27105,2651656,2651656,26.27105,0.0
2024-11-07,ethena-usde,SUSDE,Ethereum,13.16254,1671119863,1671119863,13.16254,0.0
2024-11-08,ethena-usde,SUSDE,Ethereum,12.89641,1703595906,1703595906,12.89641,0.0
2024-11-09,ethena-usde,SUSDE,Ethereum,12.78296,1717851268,1717851268,12.78296,0.0
2024-11-10,fluid-lending,USDC,Ethereum,19.07,96104981,96104981,19.07,3.17
2024-11-11,morpho-blue,GTUSDCCORE,Ethereum,18.93548,37110041,37110041,18.93548,0.0
2024-11-12,morpho-blue,GTUSDT,Ethereum,20.45619,5672118,5672118,20.45619,0.0
2024-11-13,fluid-lending,USDC,Ethereum,22.5,98167328,98167328,22.5,3.1
2024-11-14,ethena-usde,SUSDE,Ethereum,28.39244,1892241009,1892241009,28.39244,0.0
2024-11-15,ethena-usde,SUSDE,Ethereum,27.85588,1924566031,1924566031,27.85588,0.0
2024-11-16,ethena-usde,SUSDE,Ethereum,27.46868,1948673879,1948673879,27.46868,0.0
2024-11-17,ethena-usde,SUSDE,Ethereum,26.83802,1989423101,1989423101,26.83802,0.0
2024-11-18,ethena-usde,SUSDE,Ethereum,25.89078,2054341233,2054341233,25.89078,0.0
2024-11-19,aave-v3,USDS,Ethereum,26.49437,5446042,5446042,26.49437,0.0
2024-11-20,ethena-usde,SUSDE,Ethereum,23.53169,2238643502,2238643502,23.53169,0.0
2024-11-21,ethena-usde,SUSDE,Ethereum,23.81209,2329026578,2329026578,23.81209,0.0
2024-11-22,morpho-blue,GTUSDT,Ethereum,23.32653,4945635,4945635,23.32653,0.0
2024-11-23,ethena-usde,SUSDE,Ethereum,22.67978,2433924075,2433924075,22.67978,0.0
2024-11-24,ethena-usde,SUSDE,Ethereum,22.33804,2467665112,2467665112,22.33804,0.0
2024-11-25,ethena-usde,SUSDE,Ethereum,21.95536,2506691559,2506691559,21.95536,0.0
2024-11-26,ethena-usde,SUSDE,Ethereum,21.05265,2604354386,2604354386,21.05265,0.0
2024-11-27,aave-v3,DAI,Ethereum,59.32806,234763,234763,59.32806,0.0
2024-11-28,ethena-usde,SUSDE,Ethereum,30.42471,2690091106,2690091106,30.42471,0.0
2024-11-29,ethena-usde,SUSDE,Ethereum,28.20761,2876183189,2876183189,28.20761,0.0
2024-11-30,aave-v3,DAI,Ethereum,29.43219,7262179,7262179,29.43219,0.0
2024-12-01,morpho-blue,USUALUSDC+,Ethereum,33.61409,72111005,72111005,33.61409,0.0
2024-12-02,aave-v3,USDC,Ethereum,41.39938,46885213,46885213,41.39938,0.0
2024-12-03,ethena-usde,SUSDE,Ethereum,24.54905,3256398057,3256398057,24.54905,0.0
2024-12-04,ethena-usde,SUSDE,Ethereum,24.64637,3244828763,3244828763,24.64637,0.0
2024-12-05,morpho-blue,USUALUSDC+,Ethereum,56.57043,83798132,83798132,56.57043,0.0
2024-12-06,ethena-usde,SUSDE,Ethereum,26.29712,3547295608,3547295608,26.29712,0.0
2024-12-07,ethena-usde,SUSDE,Ethereum,26.11915,3568899456,3568899456,26.11915,0.0
2024-12-08,morpho-blue,USUALUSDC+,Ethereum,26.28611,126377503,126377503,26.28611,0.0
2024-12-09,morpho-blue,BBQUSDC,Ethereum,38.15937,106928,106928,38.15937,0.0
2024-12-10,morpho-blue,REUSDC,Ethereum,26.19525,11012428,11012428,26.19525,0.0
2024-12-11,morpho-blue,USUALUSDC+,Ethereum,30.45706,160593605,160593605,30.45706,0.0
2024-12-12,ethena-usde,SUSDE,Ethereum,27.08571,3875881637,3875881637,27.08571,0.0
2024-12-13,ethena-usde,SUSDE,Ethereum,26.92772,3896148759,3896148759,26.92772,0.0
2024-12-14,ethena-usde,SUSDE,Ethereum,26.81781,3910387771,3910387771,26.81781,0.0
2024-12-15,ethena-usde,SUSDE,Ethereum,26.72828,3922072828,3922072828,26.72828,0.0
2024-12-16,ethena-usde,SUSDE,Ethereum,26.55562,3944829559,3944829559,26.55562,0.0
2024-12-17,ethena-usde,SUSDE,Ethereum,26.42194,3962652364,3962652364,26.42194,0.0
2024-12-18,morpho-blue,BBQUSDC,Ethereum,43.47275,3241446,3241446,43.47275,0.0
2024-12-19,morpho-blue,BBQUSDC,Ethereum,30.99002,9452853,9452853,30.99002,0.0
2024-12-20,morpho-blue,BBQUSDC,Ethereum,22.35585,15416442,15416442,22.35585,0.0
2024-12-21,morpho-blue,REUSDC,Ethereum,25.98413,16592384,16592384,25.98413,0.0
2024-12-22,morpho-blue,USUALUSDC+,Ethereum,23.477,365009770,365009770,23.477,0.0
2024-12-23,morpho-blue,USUALUSDC+,Ethereum,25.1817,319937511,319937511,25.1817,0.0
2024-12-24,morpho-blue,USUALUSDC+,Ethereum,28.0451,344696512,344696512,28.0451,0.0
2024-12-25,morpho-blue,USUALUSDC+,Ethereum,23.02643,435121618,435121618,23.02643,0.0
2024-12-26,morpho-blue,BBQUSDC,Ethereum,19.5371,36824464,36824464,19.5371,0.0
2024-12-27,morpho-blue,BBQUSDC,Ethereum,17.42969,63247164,63247164,17.42969,0.0
2024-12-28,morpho-blue,BBQUSDC,Ethereum,19.20367,65828600,65828600,19.20367,0.0
2024-12-29,morpho-blue,BBQUSDC,Ethereum,18.46335,80963039,80963039,18.46335,0.0
2024-12-30,morpho-blue,BBQUSDC,Ethereum,16.97966,88529653,88529653,16.97966,0.0
2024-12-31,morpho-blue,REUSDC,Ethereum,18.24194,18278509,18278509,18.24194,0.0
2025-01-01,morpho-blue,REUSDC,Ethereum,17.36065,19283679,19283679,17.36065,0.0
2025-01-02,morpho-blue,USUALUSDC+,Ethereum,17.83395,472068325,472068325,17.83395,0.0
2025-01-03,morpho-blue,REUSDC,Ethereum,20.26278,19313314,19313314,20.26278,0.0
2025-01-04,morpho-blue,REUSDC,Ethereum,14.58209,17938344,17938344,14.58209,0.0
2025-01-05,morpho-blue,SPDAI,Ethereum,15.50988,626519183,626519183,15.50988,0.0
2025-01-06,morpho-blue,USUALUSDC+,Ethereum,15.95744,433732179,433732179,15.95744,0.0
2025-01-07,aave-v3,USDT,Ethereum,18.2921,159069270,159069270,18.2921,0.0
2025-01-08,morpho-blue,USUALUSDC+,Ethereum,14.02484,445599172,445599172,14.02484,0.0
2025-01-09,morpho-blue,SPDAI,Ethereum,13.15215,625656526,625656526,13.15215,0.0
2025-01-10,morpho-blue,USUALUSDC+,Ethereum,60.66439,580738180,580738180,60.66439,0.0
2025-01-11,morpho-blue,USUALUSDC+,Ethereum,12.99378,541438443,541438443,12.99378,0.0
2025-01-12,morpho-blue,USUALUSDC+,Ethereum,14.85319,422976300,422976300,14.85319,0.0
2025-01-13,morpho-blue,USUALUSDC+,Ethereum,16.01156,377849380,377849380,16.01156,0.0
2025-01-14,morpho-blue,USUALUSDC+,Ethereum,13.46764,397337312,397337312,13.46764,0.0
2025-01-15,morpho-blue,USUALUSDC+,Ethereum,28.54287,349813659,349813659,28.54287,0.0
2025-01-16,morpho-blue,USUALUSDC+,Ethereum,19.89144,367814661,367814661,19.89144,0.0
2025-01-17,morpho-blue,HUSDC,Ethereum,18.85012,8599,8599,18.85012,0.0
2025-01-18,morpho-blue,HUSDC,Ethereum,19.86979,8607,8607,19.86979,0.0
2025-01-19,euler-v2,USDC,Ethereum,29.286,813810,813810,29.286,0.0
2025-01-20,euler-v2,USDC,Ethereum,30.01627,804645,804645,30.01627,0.0
2025-01-21,morpho-blue,SPDAI,Ethereum,11.62799,601011315,601011315,11.62799,0.0
2025-01-22,morpho-blue,HUSDC,Ethereum,13.21523,2030844,2030844,13.21523,0.0
2025-01-23,morpho-blue,HUSDC,Ethereum,28.62556,2033893,2033893,28.62556,0.0
2025-01-24,morpho-blue,STEAKUSDT,Ethereum,15.17334,52066652,52066652,15.17334,4.27365
2025-01-25,euler-v2,USDC,Ethereum,30.08095,722775,722775,30.08095,0.0
2025-01-26,ethena-usde,SUSDE,Ethereum,14.71928,3663726412,3663726412,14.71928,0.0
2025-01-27,morpho-blue,SPDAI,Ethereum,14.79345,549974044,549974044,14.79345,2.71792
2025-01-28,ethena-usde,SUSDE,Ethereum,14.53609,3706924841,3706924841,14.53609,0.0
2025-01-29,ethena-usde,SUSDE,Ethereum,14.39161,3741770034,3741770034,14.39161,0.0
2025-01-30,euler-v2,USDC,Ethereum,18.21539,920663,920663,18.21539,0.0
2025-01-31,morpho-blue,GTUSDT,Ethereum,15.5974,3012810,3012810,15.5974,2.6536
2025-02-01,morpho-blue,HUSDC,Ethereum,15.86606,8774401,8774401,15.86606,0.02919
2025-02-02,morpho-blue,HUSDC,Ethereum,29.0173,13252749,13252749,29.0173,0.0
2025-02-03,morpho-blue,STEAKUSDT,Ethereum,24.39687,48483828,48483828,24.39687,2.10591
2025-02-04,morpho-blue,REUSDC,Ethereum,16.93195,24341392,24341392,16.93195,0.10457
2025-02-05,morpho-blue,HUSDC,Ethereum,13.23494,19353407,19353407,13.23494,0.0
2025-02-06,morpho-blue,HUSDC,Ethereum,19.52289,20392713,20392713,19.52289,0.0
2025-02-07,morpho-blue,USUALUSDC+,Ethereum,11.21547,333188087,333188087,11.21547,0.63277
2025-02-08,morpho-blue,USUALUSDC+,Ethereum,11.80452,330424093,330424093,11.80452,0.79012
2025-02-09,morpho-blue,USUALUSDC+,Ethereum,11.31544,336988882,336988882,11.31544,0.766
2025-02-10,euler-v2,USDC,Ethereum,15.6791,946641,946641,15.6791,0.0
2025-02-11,morpho-blue,USUALUSDC+,Ethereum,12.48743,338101526,338101526,12.48743,0.53046
2025-02-12,morpho-blue,HUSDC,Ethereum,11.12902,20712478,20712478,11.12902,0.12801
2025-02-13,morpho-blue,HUSDC,Ethereum,10.78839,20650954,20650954,10.78839,0.25286
2025-02-14,morpho-blue,HUSDC,Ethereum,10.3703,21070061,21070061,10.3703,0.39201
2025-02-15,morpho-blue,HUSDC,Ethereum,10.34598,22375901,22375901,10.34598,0.3802
2025-02-16,morpho-blue,HUSDC,Ethereum,10.1472,23106746,23106746,10.1472,0.36054
2025-02-17,morpho-blue,HUSDC,Ethereum,10.33359,25270858,25270858,10.33359,0.3865
2025-02-18,morpho-blue,HUSDC,Ethereum,10.76028,26051033,26051033,10.76028,0.18653
2025-02-19,morpho-blue,HUSDC,Ethereum,10.0282,25774358,25774358,10.0282,0.47676
2025-02-20,morpho-blue,HUSDC,Ethereum,10.04663,24236830,24236830,10.04663,0.57469
2025-02-21,aave-v3,USDE,Ethereum,19.9296,5571664,5571664,19.9296,0.0
2025-02-22,ethena-usde,SUSDE,Ethereum,10.6627,3247326183,3247326183,10.6627,0.0
2025-02-23,morpho-blue,HUSDC,Ethereum,11.01106,28629069,28629069,11.01106,0.45433
2025-02-24,aave-v3,USDE,Ethereum,13.46815,5007419,5007419,13.46815,0.0
2025-02-25,morpho-blue,HUSDC,Ethereum,25.01839,28647375,28647375,25.01839,0.0
2025-02-26,morpho-blue,HUSDC,Ethereum,31.2023,26085723,26085723,31.2023,0.0
2025-02-27,morpho-blue,HUSDC,Ethereum,15.62203,26318362,26318362,15.62203,0.0
2025-02-28,morpho-blue,STEAKUSDT,Ethereum,13.56704,43559020,43559020,13.56704,1.77542
2025-03-01,morpho-blue,HUSDC,Ethereum,10.93898,35677795,35677795,10.93898,0.03019
2025-03-02,morpho-blue,GTUSDCF,Ethereum,10.82104,510117,510117,10.82104,1.82498
2025-03-03,ethena-usde,SUSDE,Ethereum,10.65366,3016043582,3016043582,10.65366,0.0
2025-03-04,ethena-usde,SUSDE,Ethereum,10.68796,3006830953,3006830953,10.68796,0.0
2025-03-05,ethena-usde,SUSDE,Ethereum,10.67944,3009114347,3009114347,10.67944,0.0
2025-03-06,morpho-blue,HUSDC,Ethereum,8.94659,41024217,41024217,8.94659,0.0
2025-03-07,morpho-blue,GTUSDCF,Ethereum,9.16548,1151533,1151533,9.16548,1.2602
2025-03-08,morpho-blue,HUSDC,Ethereum,9.39122,37171766,37171766,9.39122,0.0
2025-03-09,morpho-blue,HUSDC,Ethereum,9.64954,35155153,35155153,9.64954,0.0
2025-03-10,morpho-blue,HUSDC,Ethereum,9.68055,33540022,33540022,9.68055,0.0
2025-03-11,morpho-blue,HUSDC,Ethereum,9.18709,46036135,46036135,9.18709,0.0
2025-03-12,morpho-blue,HUSDC,Ethereum,8.85115,48938554,48938554,8.85115,0.0
2025-03-13,euler-v2,USDC,Ethereum,28.60865,1220351,1220351,28.60865,0.0
2025-03-14,morpho-blue,HUSDC,Ethereum,8.72524,58656333,58656333,8.72524,0.0
2025-03-15,morpho-blue,HUSDC,Ethereum,8.72524,58656333,58656333,8.72524,0.0
2025-03-16,morpho-blue,HUSDC,Ethereum,8.72524,58656333,58656333,8.72524,0.0
2025-03-17,morpho-blue,HUSDC,Ethereum,8.72758,58656362,58656362,8.72758,0.0
2025-03-18,morpho-blue,GTUSDCF,Ethereum,8.00273,2495645,2495645,8.00273,1.05777
2025-03-19,morpho-blue,HYPERUSDC,Ethereum,8.25215,999253,999253,8.25215,1.11414
2025-03-20,morpho-blue,HYPERUSDC,Ethereum,50.05248,999983,999983,50.05248,1.10152
2025-03-21,morpho-blue,HYPERUSDC,Ethereum,14.98179,6212946,6212946,14.98179,0.36084
2025-03-22,morpho-blue,USUALUSDC+,Ethereum,8.32091,236051033,236051033,8.32091,0.07413
2025-03-23,morpho-blue,HYPERUSDC,Ethereum,9.14267,5705757,5705757,9.14267,1.0953
2025-03-24,morpho-blue,GTUSDCCORE,Ethereum,8.58206,82178666,82178666,8.58206,1.28537
2025-03-25,morpho-blue,HYPERUSDC,Ethereum,6.1143,5984556,5984556,6.1143,0.58074
2025-03-26,morpho-blue,HYPERUSDC,Ethereum,6.2454,2840073,2840073,6.2454,0.58552
2025-03-27,ethena-usde,SUSDE,Ethereum,10.07167,2070648008,2070648008,10.07167,0.0
2025-03-28,ethena-usde,SUSDE,Ethereum,10.7699,1942519322,1942519322,10.7699,0.0
2025-03-29,morpho-blue,SMUSDC,Base,11.04559,32008194,32008194,11.04559,1.44647
2025-03-30,ethena-usde,SUSDE,Ethereum,10.76762,1942910487,1942910487,10.76762,0.0
2025-03-31,ethena-usde,SUSDE,Ethereum,10.81596,1934648397,1934648397,10.81596,0.0
2025-04-01,ethena-usde,SUSDE,Ethereum,10.70709,1953362697,1953362697,10.70709,0.0
2025-04-02,ethena-usde,SUSDE,Ethereum,10.70109,1954403857,1954403857,10.70109,0.0
2025-04-03,morpho-blue,SMUSDC,Base,5.49637,34465878,34465878,5.49637,1.77833
2025-04-04,morpho-blue,SPDAI,Ethereum,5.6207,325047850,325047850,5.6207,0.91623
2025-04-05,morpho-blue,SMUSDC,Base,6.36508,36321182,36321182,6.36508,0.0
2025-04-06,morpho-blue,HYPERUSDC,Ethereum,9.94379,7208431,7208431,9.94379,0.0
2025-04-07,morpho-blue,SMUSDC,Base,12.96913,36161976,36161976,12.96913,0.0
2025-04-08,morpho-blue,HYPERUSDC,Ethereum,6.31795,4851965,4851965,6.31795,0.0
2025-04-09,morpho-blue,HYPERUSDC,Ethereum,6.27248,6353297,6353297,6.27248,0.28109
2025-04-10,morpho-blue,HYPERUSDC,Ethereum,23.04438,7454780,7454780,23.04438,0.0
2025-04-11,morpho-blue,HYPERUSDC,Ethereum,6.98112,16539007,16539007,6.98112,0.12832
2025-04-12,morpho-blue,HYPERUSDC,Ethereum,6.73318,13579661,13579661,6.73318,0.20597
2025-04-13,morpho-blue,HYPERUSDC,Ethereum,12.05577,14008201,14008201,12.05577,0.14868
2025-04-14,morpho-blue,HUSDC,Ethereum,9.51585,27592317,27592317,9.51585,0.0
2025-04-15,morpho-blue,USUALUSDC+,Ethereum,5.72078,196358975,196358975,5.72078,0.2222
2025-04-16,morpho-blue,HYPERUSDC,Ethereum,12.11578,9854212,9854212,12.11578,0.0
2025-04-17,morpho-blue,GTUSDCCORE,Ethereum,5.88082,69950901,69950901,5.88082,0.18475
2025-04-18,morpho-blue,HYPERUSDC,Ethereum,7.67984,11938390,11938390,7.67984,0.34627
2025-04-19,morpho-blue,HYPERUSDC,Ethereum,5.93086,12849367,12849367,5.93086,0.0
2025-04-20,morpho-blue,HYPERUSDC,Ethereum,8.23631,11366669,11366669,8.23631,0.0
2025-04-21,morpho-blue,HYPERUSDC,Ethereum,9.22279,12804604,12804604,9.22279,0.30398
2025-04-22,euler-v2,USDT,Avalanche,7.24346,3792720,3792720,7.24346,0.0
2025-04-23,morpho-blue,HYPERUSDC,Ethereum,8.05917,9026879,9026879,8.05917,0.0
2025-04-24,morpho-blue,HYPERUSDC,Ethereum,8.18394,8923553,8923553,8.18394,0.0
2025-04-25,morpho-blue,HYPERUSDC,Ethereum,8.56613,8955123,8955123,8.56613,0.0
2025-04-26,morpho-blue,HYPERUSDC,Ethereum,6.72256,9064323,9064323,6.72256,0.06141
2025-04-27,morpho-blue,HYPERUSDC,Ethereum,7.3397,9273348,9273348,7.3397,0.0
2025-04-28,morpho-blue,HYPERUSDC,Ethereum,7.21554,9035427,9035427,7.21554,0.0
2025-04-29,euler-v2,USDT,Avalanche,7.07943,4990101,4990101,7.07943,0.0
2025-04-30,morpho-blue,HYPERUSDC,Ethereum,7.32521,16689637,16689637,7.32521,0.0
2025-05-01,euler-v2,USDT,Avalanche,12.26701,1939470,1939470,12.26701,0.0
2025-05-02,euler-v2,USDT,Avalanche,8.26139,3796782,3796782,8.26139,0.0
2025-05-03,euler-v2,USDT,Avalanche,8.87127,3121744,3121744,8.87127,0.0
2025-05-04,euler-v2,USDT,Avalanche,9.2475,2749222,2749222,9.2475,0.0
2025-05-05,euler-v2,USDT,Avalanche,8.57101,3599415,3599415,8.57101,0.0
2025-05-06,euler-v2,USDT,Avalanche,8.77439,3327422,3327422,8.77439,0.0
2025-05-07,euler-v2,USDT,Avalanche,8.86126,3276131,3276131,8.86126,0.0
2025-05-08,euler-v2,USDT,Avalanche,9.11283,3072682,3072682,9.11283,0.0
2025-05-09,euler-v2,USDT,Avalanche,16.6687,2148443,2148443,16.6687,0.0
2025-05-10,euler-v2,USDT,Avalanche,14.22551,2327945,2327945,14.22551,0.0
2025-05-11,euler-v2,USDT,Avalanche,9.66471,2598283,2598283,9.66471,0.0
2025-05-12,euler-v2,USDT,Avalanche,9.70606,2560308,2560308,9.70606,0.0
2025-05-13,morpho-blue,HYPERUSDC,Ethereum,9.25511,18609884,18609884,9.25511,0.27406
2025-05-14,euler-v2,USDC,Ethereum,9.61689,3651713,3651713,9.61689,0.0
2025-05-15,euler-v2,USDT,Avalanche,9.4487,3576713,3576713,9.4487,0.0
2025-05-16,euler-v2,USDC,Ethereum,15.90038,2369928,2369928,15.90038,4.18416
2025-05-17,morpho-blue,HUSDC,Ethereum,9.913,42580878,42580878,9.913,0.0
2025-05-18,euler-v2,USDT,Avalanche,9.3014,3799005,3799005,9.3014,0.0
2025-05-19,euler-v2,USDT,Avalanche,9.49288,3464063,3464063,9.49288,0.0
2025-05-20,euler-v2,USDT,Avalanche,9.38651,3707520,3707520,9.38651,0.0
2025-05-21,euler-v2,USDT,Avalanche,9.60104,3541196,3541196,9.60104,0.0
2025-05-22,morpho-blue,HUSDC,Ethereum,10.9795,55896382,55896382,10.9795,0.0
2025-05-23,euler-v2,USDT,Avalanche,14.96101,3286976,3286976,14.96101,0.0
2025-05-24,euler-v2,USDT,Avalanche,15.52411,3334936,3334936,15.52411,0.0
2025-05-25,euler-v2,USDT,Avalanche,9.35341,4291492,4291492,9.35341,0.0
2025-05-26,euler-v2,USDT,Avalanche,9.36465,4221602,4221602,9.36465,0.0
2025-05-27,euler-v2,USDT,Avalanche,12.60655,3597248,3597248,12.60655,0.0
2025-05-28,euler-v2,USDT,Avalanche,12.90233,3550280,3550280,12.90233,0.0
2025-05-29,euler-v2,USDT,Avalanche,13.25951,3536727,3536727,13.25951,0.0
2025-05-30,euler-v2,USDT,Avalanche,9.2526,4582584,4582584,9.2526,0.0
2025-05-31,euler-v2,USDT,Avalanche,9.54621,3103702,3103702,9.54621,0.0
2025-06-01,euler-v2,USDT,Avalanche,8.13351,5291081,5291081,8.13351,0.0
2025-06-02,euler-v2,USDT,Avalanche,7.95,5552740,5552740,7.95,0.0
2025-06-03,euler-v2,USDT,Avalanche,8.30354,4926690,4926690,8.30354,0.0
2025-06-04,morpho-blue,HYPERUSDC,Ethereum,12.92981,14380345,14380345,12.92981,0.0
2025-06-05,morpho-blue,HYPERUSDC,Ethereum,14.23846,15721999,15721999,14.23846,0.0
