date,aave-v3_USDT_Ethereum,morpho-blue_SPARKUSDC_Base,aave-v3_USDC_Ethereum,fluid-lending_USDC_Ethereum,fluid-lending_USDT_Ethereum,morpho-blue_STEAKUSDC_Ethereum,morpho-blue_USUALUSDC+_Ethereum,morpho-blue_REUSDC_Ethereum,morpho-blue_BBQUSDC_Ethereum,morpho-blue_SYRUPUSDC_Ethereum,morpho-blue_GTUSDCCORE_Ethereum,morpho-blue_STEAKUSDT_Ethereum,aave-v3_USDC_Arbitrum,aave-v3_USDTB_Ethereum,morpho-blue_GTUSDC_Ethereum,morpho-blue_HUSDC_Ethereum,aave-v3_USDC_Avalanche,morpho-blue_SMUSDC_Base,morpho-blue_VBSHUSDC_Ethereum,morpho-blue_GTUSDCF_Ethereum,morpho-blue_CSUSDC_Ethereum,fluid-lending_USDC_Arbitrum,aave-v3_USDC_Base,morpho-blue_MWUSDC_Base,aave-v3_USDT_Avalanche,morpho-blue_SUSDS_Ethereum,fluid-lending_SUSDS_Arbitrum
2024-06-06,7.39565,0.0,11.91186,11.26,14.31714,15.1565,0.0,0.0,0.0,0.0,30.54667,16.12974,14.28597,0.0,15.17502,0.0,7.17198,0.0,0.0,0.0,0.0,0.0,11.99553,0.0,9.54383,0.0,0.0
2024-06-07,6.53898,0.0,11.98452,11.1671,14.48306,8.25579,0.0,0.0,0.0,0.0,24.11397,9.01531,10.45755,0.0,8.18875,0.0,9.55508,0.0,0.0,0.0,0.0,0.0,6.53261,0.0,7.00052,0.0,0.0
2024-06-08,6.67133,0.0,7.4014,11.53243,14.05493,8.90976,0.0,0.0,0.0,0.0,19.33373,7.51661,9.54907,0.0,8.83538,0.0,7.10253,0.0,0.0,0.0,0.0,0.0,6.61448,0.0,7.00364,0.0,0.0
2024-06-09,6.66965,0.0,7.31854,10.78145,14.14491,10.3381,0.0,0.0,0.0,0.0,46.35642,6.75272,8.29102,0.0,10.6325,0.0,7.23399,0.0,0.0,0.0,0.0,0.0,6.45085,0.0,7.06768,0.0,0.0
2024-06-10,6.80228,0.0,7.44194,11.32447,14.24906,7.80178,0.0,0.0,0.0,0.0,16.18035,6.48192,7.28453,0.0,7.79035,0.0,10.00146,0.0,0.0,0.0,0.0,0.0,6.65049,0.0,7.56206,0.0,0.0
2024-06-11,7.14781,0.0,7.36741,11.01917,13.66761,7.72897,0.0,0.0,0.0,0.0,22.99839,6.49605,7.88722,0.0,7.73278,0.0,10.72673,0.0,0.0,0.0,0.0,0.0,11.5138,0.0,6.59878,0.0,0.0
2024-06-12,7.10526,0.0,7.27602,11.04877,14.22366,8.08735,0.0,0.0,0.0,0.0,18.39695,6.38328,7.27775,0.0,8.08606,0.0,7.09998,0.0,0.0,0.0,0.0,0.0,6.51988,0.0,6.75865,0.0,0.0
2024-06-13,6.92413,0.0,11.77067,9.59313,13.80179,10.1883,0.0,0.0,0.0,0.0,18.94758,15.88241,7.23027,0.0,10.18637,0.0,7.15823,0.0,0.0,0.0,0.0,0.0,6.87627,0.0,6.63374,0.0,0.0
2024-06-14,6.96671,0.0,7.36127,10.37139,13.437,8.15842,0.0,0.0,0.0,0.0,18.55313,15.95935,7.20414,0.0,8.16342,0.0,7.22662,0.0,0.0,0.0,0.0,0.0,6.75777,0.0,6.43877,0.0,0.0
2024-06-15,6.87093,0.0,7.24692,10.05626,13.05818,8.06381,0.0,0.0,0.0,0.0,16.15704,12.54047,7.00017,0.0,8.06482,0.0,7.1349,0.0,0.0,0.0,0.0,0.0,5.93529,0.0,6.42666,0.0,0.0
2024-06-16,6.85518,0.0,7.24708,9.58563,12.8929,7.37156,0.0,0.0,0.0,0.0,14.36342,7.77684,7.08069,0.0,7.372,0.0,8.81914,0.0,0.0,0.0,0.0,0.0,5.61798,0.0,6.45352,0.0,0.0
2024-06-17,6.81018,0.0,7.15784,9.46241,12.724,7.15455,0.0,0.0,0.0,0.0,14.23593,7.81937,7.05243,0.0,7.15688,0.0,7.22757,0.0,0.0,0.0,0.0,0.0,6.15444,0.0,6.19789,0.0,0.0
2024-06-18,6.55649,0.0,6.72609,9.78264,13.42586,7.32561,0.0,0.0,0.0,0.0,13.28537,17.81354,7.64835,0.0,7.33374,0.0,7.06351,0.0,0.0,0.0,0.0,0.0,6.53218,0.02752,6.28984,0.0,0.0
2024-06-19,6.53168,0.0,6.86607,10.29672,13.25217,7.95116,0.0,0.0,0.0,0.0,15.70987,10.21006,7.10065,0.0,7.95089,0.0,7.12651,0.0,0.0,0.0,0.0,0.0,6.02858,0.03991,7.10853,0.0,0.0
2024-06-20,6.17518,0.0,7.19988,11.29061,15.9068,8.02207,0.0,0.0,0.0,0.0,15.61716,9.32642,7.20924,0.0,8.02173,0.0,7.08973,0.0,0.0,0.0,0.0,0.0,6.02316,0.07451,6.45859,0.0,0.0
2024-06-21,4.82948,0.0,7.13966,11.41499,15.66351,7.27845,0.0,0.0,0.0,0.0,13.16506,17.57748,4.19227,0.0,7.26726,0.0,6.81453,0.0,0.0,0.0,0.0,0.0,6.18221,19.588,6.19879,0.0,0.0
2024-06-22,4.85682,0.0,6.97633,12.1602,14.11149,7.33483,0.0,0.0,0.0,0.0,13.24539,7.82917,4.38325,0.0,7.32128,0.0,6.81032,0.0,0.0,0.0,0.0,0.0,6.30588,15.55641,6.36706,0.0,0.0
2024-06-23,4.87886,0.0,7.43405,11.88239,14.43235,6.98871,0.0,0.0,0.0,0.0,12.87077,8.26651,4.64066,0.0,7.00677,0.0,7.03911,0.0,0.0,0.0,0.0,0.0,5.68565,15.46444,6.21491,0.0,0.0
2024-06-24,4.93514,0.0,7.32917,11.28549,15.4998,7.14955,0.0,0.0,0.0,0.0,13.34111,6.12339,4.88254,0.0,7.17595,0.0,7.02445,0.0,0.0,0.0,0.0,0.0,6.04147,15.15558,5.73741,0.0,0.0
2024-06-25,4.82432,0.0,7.18243,11.3411,15.326,7.35676,0.0,0.0,0.0,0.0,12.46198,6.49287,4.9445,0.0,7.35405,0.0,6.45777,0.0,0.0,0.0,0.0,0.0,5.89602,16.21839,5.94305,0.0,0.0
2024-06-26,4.93061,0.0,7.01275,11.42435,15.19864,6.90563,0.0,0.0,0.0,0.0,12.14943,6.24304,5.01765,0.0,6.91489,0.0,6.56929,0.0,0.0,0.0,0.0,0.0,6.03691,16.61641,5.97813,0.0,0.0
2024-06-27,4.81008,0.0,6.54328,12.17412,14.80985,6.66142,0.0,0.0,0.0,0.0,11.62102,6.15107,5.29494,0.0,6.65843,0.0,7.00946,0.0,0.0,0.0,0.0,0.0,6.10904,0.34936,6.1281,0.0,0.0
2024-06-28,4.80133,0.0,6.59879,11.87406,13.2386,6.57414,0.0,0.0,0.0,0.0,11.36236,6.19967,5.3504,0.0,6.62797,0.0,7.09557,0.0,0.0,0.0,0.0,0.0,6.31214,9.47995,5.80062,0.0,0.0
2024-06-29,4.6728,0.0,6.57371,11.39714,12.86356,7.54195,0.0,0.0,0.0,0.0,10.3132,6.62518,5.92709,0.0,7.53972,0.0,7.10377,0.0,0.0,0.0,0.0,0.0,5.92348,9.4751,5.69645,0.0,0.0
2024-06-30,4.78929,0.0,6.83022,11.71927,12.40053,6.97304,0.0,0.0,0.0,0.0,9.38796,6.44729,6.27186,0.0,6.92536,0.0,7.2199,0.0,0.0,0.0,0.0,0.0,5.62336,9.55397,5.55766,0.0,0.0
2024-07-01,5.43356,0.0,6.84607,11.85792,12.28783,7.54129,0.0,0.0,0.0,0.0,11.11324,6.03888,6.62814,0.0,7.54122,0.0,6.93435,0.0,0.0,0.0,0.0,0.0,5.74895,9.91774,5.66021,0.0,0.0
2024-07-02,5.48804,0.0,6.93287,11.38004,11.88252,7.32792,0.0,0.0,0.0,0.0,10.57118,7.32824,6.60951,0.0,7.35974,0.0,7.08809,0.0,0.0,0.0,0.0,0.0,5.64002,9.91881,6.11446,0.0,0.0
2024-07-03,5.42195,0.0,6.73327,11.38141,12.09753,7.29896,0.0,0.0,0.0,0.0,10.55337,6.74667,6.35627,0.0,7.361,0.0,6.72902,0.0,0.0,0.0,0.0,0.0,6.42465,10.1823,5.88007,0.0,0.0
2024-07-04,5.24877,0.0,6.56111,11.48936,12.30678,7.57246,0.0,0.0,0.0,0.0,10.10394,5.92272,6.68053,0.0,7.57373,0.0,6.69699,0.0,0.0,0.0,0.0,0.0,5.82384,10.0451,5.83406,0.0,0.0
2024-07-05,5.1508,0.0,5.47216,11.32107,12.90593,6.4006,0.0,0.0,0.0,0.0,8.24371,6.48629,6.49132,0.0,6.39155,0.0,6.24797,0.0,0.0,0.0,0.0,0.0,4.79286,9.5466,6.14161,0.0,0.0
2024-07-06,5.11344,0.0,6.32501,11.32313,12.53593,6.33067,0.0,0.0,0.0,0.0,8.35268,6.60006,6.46487,0.0,6.26611,0.0,6.18796,0.0,0.0,0.0,0.0,0.0,4.9622,9.35567,6.13846,0.0,0.0
2024-07-07,5.14945,0.0,6.18919,11.15719,13.09733,6.20641,0.0,0.0,0.0,0.0,8.1793,6.53221,6.18393,0.0,6.20671,0.0,6.08491,0.0,0.0,0.0,0.0,0.0,4.85611,7.90352,6.41774,0.0,0.0
2024-07-08,5.05137,0.0,5.27048,10.67286,12.80964,6.19866,0.0,0.0,0.0,0.0,8.22205,6.38727,6.13794,0.0,6.28267,0.0,6.17145,0.0,0.0,0.0,0.0,0.0,5.67007,7.96033,6.45116,0.0,0.0
2024-07-09,5.05445,0.0,5.1349,10.21303,13.16074,6.03372,0.0,0.0,0.0,0.0,8.03863,0.0,6.08405,0.0,6.03752,0.0,6.28105,0.0,0.0,0.0,0.0,0.0,5.40496,7.5134,6.25938,0.0,0.0
2024-07-10,5.3917,0.0,5.09996,10.25508,12.65641,5.67387,0.0,0.0,0.0,0.0,7.44783,8.68392,6.38775,0.0,5.65372,0.0,6.24977,0.0,0.0,0.0,0.0,0.0,4.66049,7.75969,6.25048,0.0,0.0
2024-07-11,5.46939,0.0,5.13968,11.16325,12.11914,5.50863,0.0,0.0,0.0,0.0,7.40792,7.49119,6.42263,0.0,5.50206,0.0,5.9026,0.0,0.0,0.0,0.0,0.0,5.64147,5.74079,6.19379,0.0,0.0
2024-07-12,5.47474,0.0,5.24514,11.14018,12.57131,4.97206,0.0,0.0,0.0,0.0,6.79486,7.41551,6.18206,0.0,4.88608,0.0,5.82031,0.0,0.0,0.0,0.0,0.0,5.59742,0.53348,6.15808,0.0,0.0
2024-07-13,5.45464,0.0,5.54226,10.1378,12.2391,4.88086,0.0,0.0,0.0,0.0,6.75874,6.2542,6.34707,0.0,4.89434,0.0,6.34354,0.0,0.0,0.0,0.0,0.0,5.02138,5.39533,6.26528,0.0,0.0
2024-07-14,5.44735,0.0,5.60851,11.54305,12.19846,4.89611,0.0,0.0,0.0,0.0,6.85001,6.30686,6.68774,0.0,4.94126,0.0,6.34421,0.0,0.0,0.0,0.0,0.0,4.73674,5.43501,5.76631,0.0,0.0
2024-07-15,5.96639,0.0,5.80756,10.89325,12.13404,4.85496,0.0,0.0,0.0,0.0,6.1802,6.18051,7.63067,0.0,4.89965,0.0,7.21497,0.0,0.0,0.0,0.0,0.0,4.48205,5.21679,6.16471,0.0,0.0
2024-07-16,5.97344,0.0,5.72192,11.07402,11.70035,5.21845,0.0,0.0,0.0,0.0,7.07714,6.53068,7.17832,0.0,5.23367,0.0,6.87779,0.0,0.0,0.0,0.0,0.0,4.33468,5.58925,6.14258,0.0,0.0
2024-07-17,5.81522,0.0,5.71049,11.67393,11.70031,5.41462,0.0,0.0,0.0,0.0,7.54954,6.45089,7.01148,0.0,5.51983,0.0,7.07889,0.0,0.0,0.0,0.0,0.0,4.22674,5.80446,5.95134,0.0,0.0
2024-07-18,5.9535,0.0,5.88562,11.68212,11.73981,5.68201,0.0,0.0,0.0,0.0,7.43588,6.70831,6.83958,0.0,5.6151,0.0,7.04385,0.0,0.0,0.0,0.0,0.0,3.90395,6.00968,5.97315,0.0,0.0
2024-07-19,5.89929,0.0,5.93459,12.05723,12.25593,5.18651,0.0,0.0,0.0,0.0,6.21271,6.38871,6.84925,0.0,5.15876,0.0,6.69813,0.0,0.0,0.0,0.0,0.0,4.38607,2.81685,6.28934,0.0,0.0
2024-07-20,5.80992,0.0,6.57736,12.099,12.2674,5.01515,0.0,0.0,0.0,0.0,6.60925,6.3523,6.66217,0.0,5.01291,0.0,6.68959,0.0,0.0,0.0,0.0,0.0,5.42486,3.18615,6.237,0.0,0.0
2024-07-21,5.78935,0.0,6.53417,12.1806,12.28614,5.2764,0.0,0.0,0.0,0.0,6.51114,6.68716,6.6884,0.0,5.0682,0.0,6.98843,0.0,0.0,0.0,0.0,0.0,5.46836,3.98443,16.77419,0.0,0.0
2024-07-22,5.8681,0.0,6.44345,12.19112,12.29435,5.68872,0.0,0.0,0.0,0.0,7.37346,11.88244,6.78961,0.0,5.42544,0.0,6.44311,0.0,0.0,0.0,0.0,0.0,6.23265,3.31279,7.09764,0.0,0.0
2024-07-23,5.82085,0.0,6.6612,11.74961,11.83156,5.08024,0.0,0.0,0.0,0.0,7.0095,10.50798,7.02907,0.0,5.07444,0.0,6.56186,0.0,0.0,0.0,0.0,0.0,5.41114,3.71851,6.06657,0.0,0.0
2024-07-24,5.75522,0.0,6.61459,11.93024,11.81729,5.40814,0.0,0.0,0.0,0.0,7.21822,19.8883,6.62303,0.0,5.40525,0.0,4.65977,0.0,0.0,0.0,0.0,0.0,4.49479,3.63995,4.31796,0.0,0.0
2024-07-25,4.12285,0.0,4.77023,11.2587,11.40763,5.22324,0.0,0.0,0.0,0.0,6.69094,7.05305,6.26573,0.0,5.20981,0.0,4.58705,0.0,0.0,0.0,0.0,0.0,11.1178,4.12422,4.26334,0.0,0.0
2024-07-26,4.21088,0.0,4.58593,11.33369,11.48257,5.15032,12.13151,0.0,0.0,0.0,6.68048,7.06603,6.40211,0.0,5.15998,0.0,4.92227,0.0,0.0,0.0,0.0,0.0,9.37301,3.78665,3.83325,0.0,0.0
2024-07-27,4.28965,0.0,4.95808,11.17751,11.45623,5.22822,20.38838,0.0,0.0,0.0,6.85141,7.16586,6.57472,0.0,5.23972,0.0,5.12359,0.0,0.0,0.0,0.0,0.0,6.23812,3.47949,3.81944,0.0,0.0
2024-07-28,4.31385,0.0,5.04408,11.15961,11.52891,5.40641,13.3593,0.0,0.0,0.0,6.81173,6.95535,6.10332,0.0,5.37387,0.0,4.83481,0.0,0.0,0.0,0.0,0.0,21.0856,5.14689,4.10483,0.0,0.0
2024-07-29,4.31128,0.0,5.15556,11.54819,11.56139,5.14357,26.63577,0.0,0.0,0.0,6.65794,6.65293,6.26399,0.0,5.11693,0.0,4.59605,0.0,0.0,0.0,0.0,0.0,9.51971,4.74245,4.65527,0.0,0.0
2024-07-30,4.38681,0.0,5.10995,11.53098,10.7761,5.38586,13.1467,0.0,0.0,0.0,7.36154,6.68489,6.3298,0.0,5.37913,0.0,4.6985,0.0,0.0,0.0,0.0,0.0,8.44806,4.36014,4.54969,0.0,0.0
2024-07-31,4.54451,0.0,5.03158,11.43943,10.77101,0.0,11.33491,0.0,0.0,0.0,11.91444,6.62037,6.34584,0.0,8.28831,0.0,4.79345,0.0,0.0,0.0,0.0,0.0,5.75229,4.56483,4.11225,0.0,0.0
2024-08-01,4.44735,0.0,4.66863,11.40758,11.58414,4.94475,17.25944,0.0,0.0,0.0,9.06916,6.55059,6.36714,0.0,4.90846,0.0,5.20759,0.0,0.0,0.0,0.0,0.0,3.86454,6.02704,3.94028,0.0,0.0
2024-08-02,4.22133,0.0,4.63197,11.26985,11.93129,5.23257,12.97877,0.0,0.0,0.0,7.18074,6.23321,6.23495,0.0,5.21141,0.0,4.87269,0.0,0.0,0.0,0.0,0.0,9.26318,4.3067,3.68595,0.0,0.0
2024-08-03,4.2686,0.0,5.2438,10.91136,11.53698,4.91935,11.26586,0.0,0.0,0.0,6.89075,6.17148,5.5559,0.0,4.92268,0.0,4.72853,0.0,0.0,0.0,0.0,0.0,10.84471,5.41466,3.82674,0.0,0.0
2024-08-04,4.16733,0.0,4.94868,10.8885,11.7824,4.73871,12.94478,0.0,0.0,0.0,6.69877,6.08438,4.8383,0.0,4.73187,0.0,4.53439,0.0,0.0,0.0,0.0,0.0,7.44817,3.50523,3.99966,0.0,0.0
2024-08-05,3.98394,0.0,3.36969,13.11478,12.17531,2.58904,42.90945,0.0,0.0,0.0,20.82848,4.50462,2.47647,0.0,2.57938,0.0,4.20818,0.0,0.0,0.0,0.0,0.0,4.91494,2.56684,4.71854,0.0,0.0
2024-08-06,4.14802,0.0,3.45529,12.64696,12.12245,4.08448,11.81994,0.0,0.0,0.0,9.50326,4.18737,2.70248,0.0,3.42332,0.0,4.08628,0.0,0.0,0.0,0.0,0.0,4.78122,1.44992,5.12551,0.0,0.0
2024-08-07,3.8316,0.0,3.6785,12.48095,12.89313,3.82992,10.77562,0.0,0.0,0.0,5.85896,4.12552,2.78324,0.0,3.14554,0.0,4.01502,0.0,0.0,0.0,0.0,0.0,5.07667,1.29919,4.5349,0.0,0.0
2024-08-08,4.3329,0.0,3.76689,11.81934,12.86614,3.77367,30.42228,0.0,0.0,0.0,6.20466,3.91511,3.18791,0.0,3.77317,0.0,4.08671,0.0,0.0,0.0,0.0,0.0,4.72432,1.24273,4.32646,0.0,0.0
2024-08-09,4.14015,0.0,4.08916,11.74498,12.83754,4.04423,7.99403,0.0,0.0,0.0,6.26814,4.19013,3.15545,0.0,4.01682,0.0,3.96534,0.0,0.0,0.0,0.0,0.0,4.32765,1.31414,4.51233,0.0,0.0
2024-08-10,4.02071,0.0,3.99968,10.76668,12.64401,4.09191,8.08994,0.0,0.0,0.0,6.38112,4.06692,3.27013,0.0,4.0362,0.0,4.00114,0.0,0.0,0.0,0.0,0.0,5.09608,1.01613,4.11255,0.0,0.0
2024-08-11,3.78085,0.0,3.80773,11.13461,12.83776,3.7501,8.19295,0.0,0.0,0.0,6.21037,3.44371,3.28723,0.0,3.74856,0.0,3.92717,0.0,0.0,0.0,0.0,0.0,4.76344,1.01409,3.80716,0.0,0.0
2024-08-12,3.84378,0.0,3.59992,11.91535,12.86057,3.66376,12.38488,0.0,0.0,0.0,5.63738,4.471,3.3316,0.0,3.64858,0.0,4.01793,0.0,0.0,0.0,0.0,0.0,4.52136,0.92037,3.63288,0.0,0.0
2024-08-13,3.89629,0.0,3.6851,11.33645,13.19719,3.91889,8.58222,0.0,0.0,0.0,6.17145,4.43131,3.29208,0.0,3.89019,0.0,4.10612,0.0,0.0,0.0,0.0,0.0,4.4279,0.86024,3.7355,0.0,0.0
2024-08-14,3.92837,0.0,3.59977,11.35514,12.78394,3.59756,11.57533,0.0,0.0,0.0,5.94593,4.47461,3.44968,0.0,3.55898,0.0,3.92134,0.0,0.0,0.0,0.0,0.0,4.68971,0.78271,3.74988,0.0,0.0
2024-08-15,3.81884,0.0,3.81293,11.51898,12.5854,3.58338,8.35733,0.0,0.0,0.0,6.71283,4.40768,3.45624,0.0,3.27664,0.0,4.04731,0.0,0.0,0.0,0.0,0.0,4.56594,0.99626,3.75583,0.0,0.0
2024-08-16,3.80242,0.0,3.56504,11.47847,12.76453,3.60521,8.6226,0.0,0.0,0.0,7.5206,4.34012,3.39175,0.0,3.87084,0.0,4.10375,0.0,0.0,0.0,0.0,0.0,4.71255,1.04303,3.85571,0.0,0.0
2024-08-17,3.90216,0.0,3.81571,11.37075,12.03547,3.93777,8.5856,0.0,0.0,0.0,6.98304,4.30635,3.45833,0.0,3.63925,0.0,4.02123,0.0,0.0,0.0,0.0,0.0,4.64524,1.07373,3.94463,0.0,0.0
2024-08-18,3.85108,0.0,3.95007,8.88249,9.62554,4.04524,10.92652,0.0,0.0,0.0,7.07976,3.75084,3.47362,0.0,3.78828,0.0,4.10197,0.0,0.0,0.0,0.0,0.0,4.5075,0.95862,3.90816,0.0,0.0
2024-08-19,3.8387,0.0,3.80916,8.99229,9.62687,3.59161,11.60653,0.0,0.0,0.0,6.7249,4.25319,3.51294,0.0,3.37745,0.0,4.08445,0.0,0.0,0.0,0.0,0.0,4.57243,1.12938,3.95498,0.0,0.0
2024-08-20,3.83633,0.0,3.96202,9.18434,9.74423,3.48659,8.49988,0.0,0.0,0.0,6.54361,4.15538,3.60517,0.0,3.16854,0.0,4.02294,0.0,0.0,0.0,0.0,0.0,4.38396,1.15459,3.90705,0.0,0.0
2024-08-21,3.74783,0.0,4.17164,8.6756,10.32036,3.8531,10.14442,0.0,0.0,0.0,5.30477,4.43174,3.61231,0.0,3.57037,0.0,4.25153,0.0,0.0,0.0,0.0,0.0,4.67983,1.54516,3.40155,0.0,0.0
2024-08-22,3.77427,0.0,4.22629,8.57744,9.9606,4.08967,9.68158,0.0,0.0,0.0,7.18904,4.39309,3.84314,0.0,3.94059,0.0,4.18505,0.0,0.0,0.0,0.0,0.0,4.75495,1.55501,3.56453,0.0,0.0
2024-08-23,3.83598,0.0,4.29146,8.34835,9.86091,4.169,8.70728,0.0,0.0,0.0,7.01576,4.32075,4.051,0.0,3.87773,0.0,4.00035,0.0,0.0,0.0,0.0,0.0,4.62626,1.48721,4.48473,0.0,0.0
2024-08-24,3.90391,0.0,4.50058,8.3745,10.06386,4.64701,8.11131,0.0,0.0,0.0,7.18853,4.68287,4.15754,0.0,4.39258,0.0,3.62974,0.0,0.0,0.0,0.0,0.0,4.42368,1.16878,4.66151,0.0,0.0
2024-08-25,4.10105,0.0,4.51315,8.76955,10.08245,4.27206,8.32785,0.0,0.0,0.0,6.94778,5.76011,4.08439,0.0,4.04773,0.0,3.88705,0.0,0.0,0.0,0.0,0.0,4.61699,1.033,4.25772,0.0,0.0
2024-08-26,4.11255,0.0,4.55791,8.54276,9.62161,4.43936,7.54714,0.0,0.0,0.0,7.37691,4.61887,4.53643,0.0,4.16575,0.0,4.35181,0.0,0.0,0.0,0.0,0.0,4.39238,1.04775,3.45331,0.0,0.0
2024-08-27,3.94036,0.0,4.41494,7.84386,9.78954,4.1212,7.61295,0.0,0.0,0.0,7.68839,4.69927,4.19863,0.0,3.86526,0.0,4.47621,0.0,0.0,0.0,0.0,0.0,4.49519,1.21453,3.17175,0.0,0.0
2024-08-28,3.88254,0.0,4.2451,7.81004,9.7785,4.87363,7.62248,0.0,0.0,0.0,7.7771,4.72392,4.09213,0.0,4.57768,0.0,4.44943,0.0,0.0,0.0,0.0,0.0,4.50938,0.89086,3.33358,0.0,0.0
2024-08-29,3.87769,0.0,4.20444,7.79116,9.7106,4.23568,8.12093,0.0,0.0,0.0,8.162,4.66643,3.90559,0.0,3.96963,0.0,3.93551,0.0,0.0,0.0,0.0,0.0,3.94758,1.49683,3.49847,0.0,0.0
2024-08-30,3.72433,0.0,3.92542,7.83376,9.76823,3.82924,7.35467,0.0,0.0,0.0,7.07016,4.68669,4.02831,0.0,3.52497,0.0,4.56259,0.0,0.0,0.0,0.0,0.0,4.41156,1.5669,3.46029,0.0,0.0
2024-08-31,3.67922,0.0,4.13441,7.90446,9.71865,4.0311,6.48072,0.0,0.0,0.0,6.13379,4.66182,3.89506,0.0,3.79507,0.0,4.54609,0.0,0.0,0.0,0.0,0.0,4.29737,1.37433,3.54616,0.0,0.0
2024-09-01,3.75192,0.0,4.12406,7.85509,9.59402,3.17011,6.74454,0.0,0.0,0.0,5.69936,4.65649,3.69618,0.0,3.0193,0.0,4.4927,0.0,0.0,0.0,0.0,0.0,3.86391,0.60699,3.56493,0.0,0.0
2024-09-02,3.71567,0.0,3.8223,7.91302,9.74781,3.47257,7.00262,0.0,0.0,0.0,5.7725,4.7428,3.75987,0.0,3.2456,0.0,4.49461,0.0,0.0,0.0,0.0,0.0,3.35329,0.72096,3.58069,0.0,0.0
2024-09-03,3.55673,0.0,3.86359,7.93068,9.64306,5.39463,6.04009,0.0,0.0,0.0,7.0004,4.71485,3.69655,0.0,5.26501,0.0,4.52758,0.0,0.0,0.0,0.0,0.0,3.81605,0.66384,3.52167,0.0,0.0
2024-09-04,3.54896,0.0,3.89727,7.88839,8.9911,4.93259,5.72148,0.0,0.0,0.0,7.50697,6.12225,3.36104,0.0,4.8119,0.0,4.26662,0.0,0.0,0.0,0.0,0.0,3.5182,1.48767,3.59174,0.0,0.0
2024-09-05,3.64717,0.0,3.93981,7.99531,8.8671,5.39788,5.63359,0.0,0.0,0.0,8.36785,10.1574,3.52219,0.0,5.43202,0.0,4.06291,0.0,0.0,0.0,0.0,0.0,4.87538,1.35464,3.37575,0.0,0.0
2024-09-06,3.58182,0.0,3.42542,8.04049,8.75769,3.83797,5.7446,0.0,0.0,0.0,6.5203,6.31426,3.20454,0.0,3.68049,0.0,4.05192,0.0,0.0,0.0,0.0,0.0,4.12048,1.24203,3.04942,0.0,0.0
2024-09-07,3.48287,0.0,3.69078,8.02232,8.52108,3.62874,5.65824,0.0,0.0,0.0,6.31264,5.06638,3.4646,0.0,3.63004,0.0,3.94599,0.0,0.0,0.0,0.0,0.0,3.68969,1.31417,3.1039,0.0,0.0
2024-09-08,3.32321,0.0,3.84929,8.10821,8.55063,0.0,0.0,0.0,0.0,0.0,0.0,0.0,3.39038,0.0,0.0,0.0,4.13072,0.0,0.0,0.0,0.0,0.0,3.98733,0.0,3.05278,0.0,0.0
2024-09-09,3.33821,0.0,3.79044,8.03414,8.41887,0.0,0.0,0.0,0.0,0.0,0.0,0.0,3.58262,0.0,0.0,0.0,4.20258,0.0,0.0,0.0,0.0,0.0,3.61836,0.0,3.05305,0.0,0.0
2024-09-10,2.72204,0.0,3.20624,7.96517,8.3589,3.56919,5.52196,0.0,0.0,0.0,5.09072,4.76517,2.24779,0.0,3.56043,0.0,3.5193,0.0,0.0,0.0,0.0,0.0,2.87903,1.61506,2.59424,0.0,0.0
2024-09-11,2.67578,0.0,3.24059,8.35939,8.43098,3.98483,5.65576,0.0,0.0,0.0,5.45124,4.73538,2.26732,0.0,4.01435,0.0,3.65707,0.0,0.0,0.0,0.0,0.0,3.069,0.95373,2.53455,0.0,0.0
2024-09-12,2.61531,0.0,3.38741,8.31593,8.38887,3.94511,5.6353,0.0,0.0,0.0,5.55134,7.73722,2.32863,0.0,3.94493,0.0,3.53263,0.0,0.0,0.0,0.0,0.0,3.01001,0.82959,2.49135,0.0,0.0
2024-09-13,2.61858,0.0,3.51601,8.16129,8.30071,5.85289,5.7901,0.0,0.0,0.0,8.29295,5.54224,2.39471,0.0,5.77889,0.0,3.23854,0.0,0.0,0.0,0.0,0.0,2.84985,0.83495,3.584,0.0,0.0
2024-09-14,2.6079,0.0,3.6719,8.00553,8.42456,4.98733,5.98594,0.0,0.0,0.0,6.20666,12.03326,2.45456,0.0,4.9542,0.0,3.20517,0.0,0.0,0.0,0.0,0.0,2.91262,0.75831,3.70182,0.0,0.0
2024-09-15,2.76245,0.0,3.63518,7.70207,8.36163,7.07734,16.56804,0.0,0.0,0.0,7.31287,5.40508,2.45645,0.0,7.06274,0.0,3.15539,0.0,0.0,0.0,0.0,0.0,3.4068,0.70812,3.54914,0.0,0.0
2024-09-16,5.45103,0.0,5.0834,7.71186,8.46576,5.46427,6.58061,0.0,0.0,0.0,6.91394,5.40096,2.5661,0.0,5.46607,0.0,3.56783,0.0,0.0,0.0,0.0,0.0,4.32109,0.69961,2.8612,0.0,0.0
2024-09-17,2.85746,0.0,3.50096,8.98943,8.43738,5.69694,16.27613,0.0,0.0,0.0,7.31501,5.39684,2.58361,0.0,5.69948,0.0,3.62383,0.0,0.0,0.0,0.0,0.0,3.56186,0.62655,3.19114,0.0,0.0
2024-09-18,2.94477,0.0,3.46131,9.03747,8.6216,10.37779,16.05737,0.0,0.0,0.0,10.3798,14.0356,2.62518,0.0,10.35853,0.0,3.58935,0.0,0.0,0.0,0.0,0.0,4.25278,0.61109,3.32293,0.0,0.0
2024-09-19,2.98669,0.0,3.78803,9.01218,8.65669,4.56167,9.07994,0.0,0.0,0.0,6.01335,9.47805,2.9656,0.0,4.50978,0.0,3.39222,0.0,0.0,0.0,0.0,0.0,2.45673,0.59905,3.60899,0.0,0.0
2024-09-20,3.03451,0.0,3.98372,8.9712,8.65388,6.21112,16.03089,0.0,0.0,0.0,8.60537,8.47098,3.16339,0.0,6.21906,0.0,3.54835,0.0,0.0,0.0,0.0,0.0,2.40745,0.65933,3.83791,0.0,0.0
2024-09-21,3.08079,0.0,4.235,8.92685,8.53601,4.83834,9.85712,0.0,0.0,0.0,7.84589,8.91194,3.28245,0.0,4.84325,0.0,3.60591,0.0,0.0,0.0,0.0,0.0,2.29668,0.60667,3.55347,0.0,0.0
2024-09-22,3.02179,0.0,4.21533,8.78294,8.5755,4.61146,8.75745,0.0,0.0,0.0,6.51632,9.18968,3.40733,0.0,4.54196,0.0,3.72782,0.0,0.0,0.0,0.0,0.0,2.62386,0.43764,3.55137,0.0,0.0
2024-09-23,3.08628,0.0,4.12611,8.82845,8.58403,6.2168,8.13216,0.0,0.0,0.0,6.69677,9.28514,3.57654,0.0,6.31528,0.0,3.97084,0.0,0.0,0.0,0.0,0.0,2.66594,0.39918,3.55916,0.0,0.0
2024-09-24,3.19252,0.0,4.30955,9.08135,8.409,20.07847,7.7288,0.0,0.0,0.0,11.01852,9.38198,3.63152,0.0,20.23098,0.0,4.37841,0.0,0.0,0.0,0.0,0.0,2.43858,0.52652,3.34473,0.0,0.0
2024-09-25,3.36058,0.0,4.00977,8.9722,8.09138,6.10666,14.35496,0.0,0.0,0.0,9.40302,6.63068,3.64887,0.0,6.09871,0.0,4.34546,0.0,0.0,0.0,0.0,0.0,3.07837,0.36409,3.3558,0.0,0.0
2024-09-26,3.33628,0.0,4.44414,8.17669,10.16214,9.64658,9.47523,0.0,0.0,0.0,10.06259,11.85697,3.86596,0.0,7.3186,0.0,4.08318,0.0,0.0,0.0,0.0,0.0,2.77505,0.49651,3.2135,0.0,0.0
2024-09-27,3.62401,0.0,4.42469,8.70223,8.0035,4.79404,8.10321,0.0,0.0,0.0,6.00608,6.77818,3.74882,0.0,4.74579,0.0,4.36884,0.0,0.0,0.0,0.0,0.0,2.00782,0.46318,3.46323,0.0,0.0
2024-09-28,3.62693,0.0,4.43761,8.54553,7.77636,4.70875,7.80356,0.0,0.0,0.0,6.53995,6.53618,3.88868,0.0,4.92066,0.0,4.36027,0.0,0.0,0.0,0.0,0.0,2.33704,0.50106,3.22727,0.0,0.0
2024-09-29,3.84545,0.0,4.44244,8.54037,7.79196,4.76619,9.41205,0.0,0.0,0.0,7.19427,6.55556,3.88322,0.0,4.8817,0.0,4.32022,0.0,0.0,0.0,0.0,0.0,2.48244,0.50707,3.11408,0.0,0.0
2024-09-30,4.01216,0.0,4.42615,8.08176,7.87013,4.71246,12.29066,0.0,0.0,0.0,8.63293,10.69657,4.36299,0.0,4.85119,0.0,4.4167,0.0,0.0,0.0,0.0,0.0,3.95326,0.72159,3.00296,0.0,0.0
2024-10-01,3.86078,0.0,4.31319,8.24183,7.09414,4.15338,8.29987,0.0,0.0,0.0,6.85431,6.1525,4.34062,0.0,4.33312,0.0,4.32976,0.0,0.0,0.0,0.0,0.0,20.28668,0.56014,2.29238,0.0,0.0
2024-10-02,3.74157,0.0,4.2415,8.26205,6.66282,4.03004,8.05016,0.0,0.0,0.0,6.25048,6.10614,4.23492,0.0,4.18006,0.0,4.35967,0.0,0.0,0.0,0.0,0.0,4.39201,0.46892,2.70967,0.0,0.0
2024-10-03,3.78614,0.0,4.17273,7.84042,7.02504,4.5426,8.0887,0.0,0.0,0.0,6.0793,6.10071,4.04559,0.0,4.53731,0.0,4.43323,0.0,0.0,0.0,0.0,0.0,4.14922,0.43573,2.66105,0.0,0.0
2024-10-04,3.93162,0.0,4.05102,7.78755,7.07408,3.75085,7.60532,0.0,0.0,0.0,6.0892,5.46784,4.04317,0.0,4.1004,0.0,4.20521,0.0,0.0,0.0,0.0,0.0,4.17938,0.42825,2.21735,0.0,0.0
2024-10-05,3.90436,0.0,4.13046,7.59893,7.09755,3.89073,7.08496,0.0,0.0,0.0,5.99348,5.41694,4.0275,0.0,4.26447,0.0,4.16135,0.0,0.0,0.0,0.0,0.0,4.39278,0.37086,1.99116,0.0,0.0
2024-10-06,3.966,0.0,4.13966,7.72189,7.07642,3.81987,7.5783,0.0,0.0,0.0,5.89868,5.35088,4.07919,0.0,4.17174,0.0,4.04249,0.0,0.0,0.0,0.0,0.0,3.86661,0.35569,1.97087,0.0,0.0
2024-10-07,4.15792,0.0,4.28221,7.73453,7.1514,4.2511,7.17027,0.0,0.0,0.0,6.01847,4.59887,4.16954,0.0,4.63348,0.0,4.00531,0.0,0.0,0.0,0.0,0.0,3.88473,0.34833,2.79204,0.0,0.0
2024-10-08,4.10672,0.0,4.3553,8.27952,7.69904,5.42908,7.89653,0.0,0.0,0.0,8.98302,4.49158,3.94357,0.0,5.36194,0.0,3.96689,0.0,0.0,0.0,0.0,0.0,4.31449,0.34618,2.62249,0.0,0.0
2024-10-09,3.62177,0.0,4.20921,8.28457,7.73223,4.73384,7.49251,0.0,0.0,0.0,8.85328,4.39126,4.0574,0.0,4.7576,0.0,0.0,0.0,0.0,0.0,0.0,0.0,7.67866,0.81014,0.0,0.0,0.0
2024-10-10,3.46088,0.0,4.25114,9.28727,8.39177,4.53153,15.14027,8.34595,0.0,0.0,7.7988,3.35375,4.28474,0.0,4.90131,0.0,0.0,0.0,0.0,0.0,0.0,0.0,3.91891,0.88967,0.0,0.0,0.0
2024-10-11,3.58784,0.0,4.43027,9.29,8.39,3.97133,10.70112,8.66209,0.0,0.0,6.74415,4.26585,4.26311,0.0,4.31061,0.0,0.0,0.0,0.0,0.0,0.0,0.0,4.19111,1.06779,0.0,0.0,0.0
2024-10-12,3.60158,0.0,4.32083,9.29,8.39,3.96164,9.69252,8.82461,0.0,0.0,6.1051,4.13362,4.26064,0.0,4.33623,0.0,0.0,0.0,0.0,0.0,0.0,0.0,3.91881,2.09081,0.0,0.0,0.0
2024-10-13,3.55557,0.0,4.29437,9.29,8.39,3.86101,10.01148,9.72096,0.0,0.0,6.47217,4.02524,4.32361,0.0,4.20432,0.0,0.0,0.0,0.0,0.0,0.0,0.0,4.3181,1.67495,0.0,0.0,0.0
2024-10-14,3.72013,0.0,4.54224,9.29,8.39,5.49996,10.51803,9.49401,0.0,0.0,7.0221,4.40719,5.69305,0.0,5.54376,0.0,0.0,0.0,0.0,0.0,0.0,0.0,3.72225,1.1488,0.0,0.0,0.0
2024-10-15,3.98461,0.0,4.48284,9.16,7.11,4.00647,10.34566,9.8637,0.0,0.0,6.95725,4.52599,5.13245,0.0,4.36187,0.0,0.0,0.0,0.0,0.0,0.0,8.07,4.21424,1.07048,0.0,0.0,0.0
2024-10-16,4.08092,0.0,4.14229,8.21,7.7,10.01941,8.7708,16.6929,0.0,0.0,10.47236,4.30927,4.423,0.0,10.02724,0.0,0.0,0.0,0.0,0.0,0.0,7.47,3.73577,1.55104,0.0,0.0,0.0
2024-10-17,4.02378,0.0,4.07182,7.74,7.92,3.06032,0.5969,16.56296,0.0,0.0,5.76018,4.29552,4.41732,0.0,3.0455,0.0,0.0,0.0,0.0,0.0,0.0,7.32,4.27478,1.2756,0.0,0.0,0.0
2024-10-18,4.09467,0.0,9.50266,7.6,6.95,4.33287,8.31572,8.82586,0.0,0.0,6.018,4.12572,4.43163,0.0,4.00081,0.0,0.0,0.0,0.0,0.0,0.0,8.05,4.29055,1.63508,0.0,0.0,0.0
2024-10-19,4.25525,0.0,4.46578,8.37,7.66,4.39675,6.0485,8.6524,0.0,0.0,5.2394,3.92885,5.60585,0.0,4.12522,0.0,0.0,0.0,0.0,0.0,0.0,7.61,3.891,0.91412,0.0,0.0,0.0
2024-10-20,4.461,0.0,4.51558,8.22,7.48,3.82872,6.24988,7.24311,0.0,0.0,5.09014,3.87614,4.87342,0.0,3.98776,0.0,0.0,0.0,0.0,0.0,0.0,7.7,3.8641,1.27872,0.0,0.0,0.0
2024-10-21,4.47577,0.0,4.4489,9.06,8.01,3.81838,9.02352,7.21213,0.0,0.0,5.36948,3.9622,5.22726,0.0,3.71103,0.0,0.0,0.0,0.0,0.0,0.0,7.75,4.16868,1.02109,0.0,0.0,0.0
2024-10-22,4.50397,0.0,4.10452,9.28,7.98,4.07761,8.57991,27.12349,0.0,0.0,9.19818,3.90347,5.2194,0.0,4.22369,0.0,0.0,0.0,0.0,0.0,0.0,7.67,7.48773,0.98299,0.0,0.0,0.0
2024-10-23,4.15913,0.0,4.54587,8.92,7.66,3.70523,11.22249,8.95024,0.0,0.0,7.25533,3.88498,5.53685,0.0,3.70793,0.0,0.0,0.0,0.0,0.0,0.0,15.38,4.34385,1.42967,0.0,0.0,0.0
2024-10-24,4.16076,0.0,4.54941,9.29,7.78,4.02158,9.54659,7.08866,0.0,0.0,6.6647,4.17309,6.71302,0.0,4.02429,0.0,0.0,0.0,0.0,0.0,0.0,8.0,3.91557,1.99404,0.0,0.0,0.0
2024-10-25,3.78123,0.0,8.4924,8.81,8.08,6.44965,19.00555,13.03334,0.0,0.0,13.21395,8.87102,4.36408,0.0,6.45585,0.0,0.0,0.0,0.0,0.0,0.0,8.14,5.46996,1.25955,0.0,0.0,0.0
2024-10-26,3.8187,0.0,5.45137,8.74,8.2,3.82439,9.56919,7.7825,0.0,0.0,6.64087,4.57566,4.67267,0.0,3.8292,0.0,0.0,0.0,0.0,0.0,0.0,7.68,4.30003,0.68602,0.0,0.0,0.0
2024-10-27,3.87197,0.0,4.54339,9.06,8.08,4.06557,9.22924,7.99976,0.0,0.0,6.45392,7.2556,8.78348,0.0,4.05313,0.0,0.0,0.0,0.0,0.0,0.0,8.14,3.84611,0.62874,0.0,0.0,0.0
2024-10-28,3.8259,0.0,4.47241,9.14,8.33,6.64625,11.19957,12.59646,0.0,0.0,8.54503,8.28521,6.01621,0.0,6.64922,0.0,0.0,0.0,0.0,0.0,0.0,14.79,3.97321,0.8727,0.0,0.0,0.0
2024-10-29,4.04695,0.0,5.92805,9.49,8.43,9.14101,15.39085,9.53521,0.0,0.0,11.63505,9.45985,7.11348,0.0,9.12969,0.0,0.0,0.0,0.0,0.0,0.0,8.34,3.27717,0.68658,0.0,0.0,0.0
2024-10-30,4.23741,0.0,4.30048,10.08,8.69,4.41595,8.09178,17.7499,0.0,0.0,9.215,10.7845,7.43654,0.0,4.41746,0.0,0.0,0.0,0.0,0.0,0.0,8.36,3.28069,1.11581,0.0,0.0,0.0
2024-10-31,4.26529,0.0,4.37935,9.18,9.31,3.79778,7.96954,8.75784,0.0,0.0,6.4081,4.92313,6.35009,0.0,3.77805,0.0,0.0,0.0,0.0,0.0,0.0,7.78,4.28139,0.8259,0.0,0.0,0.0
2024-11-01,4.30427,0.0,5.08134,9.11,11.32,4.51283,8.14861,7.67616,0.0,0.0,6.43423,4.91241,4.75137,0.0,4.51239,0.0,0.0,0.0,0.0,0.0,0.0,8.29,4.21766,0.79872,0.0,0.0,0.0
2024-11-02,4.258,0.0,4.396,9.53,11.52,5.72269,7.49661,7.82121,0.0,0.0,7.05043,4.97119,6.01516,0.0,5.68914,0.0,0.0,0.0,0.0,0.0,0.0,7.98,7.47645,1.1186,0.0,0.0,0.0
2024-11-03,4.26043,0.0,4.49185,9.58,10.2,4.26172,9.21844,6.37012,0.0,0.0,6.25442,9.13785,5.14113,0.0,4.28789,0.0,0.0,0.0,0.0,0.0,0.0,14.84,4.10371,1.10314,0.0,0.0,0.0
2024-11-04,4.13194,0.0,5.42333,9.16,8.7,4.79888,14.14767,6.47174,0.0,0.0,9.86495,5.07948,4.44928,0.0,4.90575,0.0,0.0,0.0,0.0,0.0,0.0,8.19,4.39898,1.04076,0.0,0.0,0.0
2024-11-05,4.06752,0.0,8.21068,9.37,9.66,5.7829,7.97665,4.56741,0.0,0.0,5.85851,5.05839,5.86612,0.0,5.59961,0.0,0.0,0.0,0.0,0.0,0.0,8.49,13.60159,1.94475,0.0,0.0,0.0
2024-11-06,6.55225,0.0,7.34446,11.05,10.97,4.40061,8.66634,5.43522,0.0,0.0,5.80571,16.73384,4.3739,0.0,4.464,0.0,0.0,0.0,0.0,0.0,0.0,8.35,4.18189,1.73571,0.0,0.0,0.0
2024-11-07,8.42559,0.0,4.40127,8.96,9.39,4.3395,7.03994,9.01229,0.0,0.0,7.47587,5.97811,8.03598,0.0,4.35288,0.0,0.0,0.0,0.0,0.0,0.0,8.39,5.94233,1.90374,0.0,0.0,0.0
2024-11-08,4.55287,0.0,4.48201,8.1,12.11,7.93985,8.28254,10.8266,0.0,0.0,9.65817,3.97624,8.2825,0.0,7.97748,0.0,0.0,0.0,0.0,0.0,0.0,8.03,4.13464,1.44923,0.0,0.0,0.0
2024-11-09,4.49212,0.0,4.43693,8.34,9.54,4.42575,8.13646,7.52522,0.0,0.0,7.24423,2.73634,8.45466,0.0,4.42997,0.0,0.0,0.0,0.0,0.0,0.0,8.41,3.42766,1.75374,0.0,0.0,0.0
2024-11-10,6.67912,0.0,4.53741,22.24,8.87,7.66542,10.71035,10.89034,0.0,0.0,9.17572,2.68318,10.01885,0.0,7.64606,0.0,0.0,0.0,0.0,0.0,0.0,9.77,3.68116,1.71319,0.0,0.0,0.0
2024-11-11,4.51347,0.0,7.01659,8.78,17.94,2.63915,12.86202,14.71857,0.0,0.0,18.93548,11.00359,8.36123,0.0,4.96366,0.0,0.0,0.0,0.0,0.0,0.0,7.77,3.74277,3.42035,0.0,0.0,0.0
2024-11-12,4.49381,0.0,4.54759,9.24,20.17,9.47771,17.466,15.50457,0.0,0.0,15.50961,20.11913,8.36432,0.0,8.73874,0.0,0.0,0.0,0.0,0.0,0.0,11.47,4.33285,4.64517,0.0,0.0,0.0
2024-11-13,3.78769,0.0,11.81532,25.6,8.39,6.049,13.26005,11.0338,0.0,0.0,13.45434,5.36501,4.91235,0.0,5.82868,0.0,0.0,0.0,0.0,0.0,0.0,8.13,14.57583,7.75494,0.0,0.0,0.0
2024-11-14,4.13959,0.0,4.28221,22.88,10.51,8.38062,15.88935,17.92644,0.0,0.0,10.94032,9.38636,11.52814,0.0,8.0104,0.0,0.0,0.0,0.0,0.0,0.0,15.51,14.92916,8.04011,0.0,0.0,0.0
2024-11-15,4.17308,0.0,4.16756,10.76,14.54,5.55189,10.54518,11.64996,0.0,0.0,10.24521,5.27348,9.09027,0.0,5.57376,0.0,0.0,0.0,0.0,0.0,0.0,10.48,13.57236,2.84508,0.0,0.0,0.0
2024-11-16,4.51392,0.0,4.38309,23.5,11.96,5.37533,12.38613,8.32596,0.0,0.0,9.75001,5.30898,4.42905,0.0,5.36135,0.0,0.0,0.0,0.0,0.0,0.0,7.28,13.53892,6.28229,0.0,0.0,0.0
2024-11-17,5.11032,0.0,4.25904,11.14,9.47,7.13201,13.8086,7.68616,0.0,0.0,12.82932,5.74082,9.28555,0.0,6.98002,0.0,0.0,0.0,0.0,0.0,0.0,8.34,16.87027,5.39173,0.0,0.0,0.0
2024-11-18,4.5509,0.0,7.53857,9.46,18.89,8.02102,10.62307,7.99484,0.0,0.0,8.6794,7.66577,11.47242,0.0,8.11583,0.0,0.0,0.0,0.0,0.0,0.0,11.62,11.55262,2.2,0.0,0.0,0.0
2024-11-19,13.1542,0.0,13.06984,10.34,11.62,10.21149,19.251,11.11119,0.0,0.0,12.16538,11.10446,11.28659,0.0,9.8677,0.0,0.0,0.0,0.0,0.0,0.0,11.08,14.54303,6.19671,0.0,0.0,0.0
2024-11-20,7.30469,0.0,4.45949,9.88,11.21,8.01987,21.19693,11.05584,0.0,0.0,13.13196,8.75193,8.89659,0.0,8.03045,0.0,0.0,0.0,0.0,0.0,0.0,10.19,4.26641,7.04608,0.0,0.0,0.0
2024-11-21,7.13824,0.0,15.43948,12.31,21.08,6.28275,18.47303,9.75082,0.0,0.0,13.77841,14.01303,7.01707,0.0,6.27345,0.0,0.0,0.0,0.0,0.0,0.0,8.46,4.30078,4.42192,0.0,0.0,0.0
2024-11-22,8.72636,0.0,4.38637,12.73,17.23,6.24141,8.27024,10.88672,0.0,0.0,9.36977,23.27145,7.89295,0.0,6.20735,0.0,0.0,0.0,0.0,0.0,0.0,8.56,13.7506,7.5987,0.0,0.0,0.0
2024-11-23,7.69435,0.0,8.51858,12.39,13.03,5.73641,11.15297,8.26023,0.0,0.0,10.66717,17.88652,8.17713,0.0,5.77869,0.0,0.0,0.0,0.0,0.0,0.0,11.07,11.1748,2.81273,0.0,0.0,0.0
2024-11-24,4.43791,0.0,8.07459,12.6,13.47,6.19686,8.07513,11.43503,0.0,0.0,8.80413,7.78556,6.07749,0.0,6.19048,0.0,0.0,0.0,0.0,0.0,0.0,8.27,11.08221,3.8573,0.0,0.0,0.0
2024-11-25,4.5401,0.0,13.03409,19.45,11.2,6.40594,9.79275,15.38528,0.0,0.0,10.54116,7.88437,8.31577,0.0,6.48294,0.0,0.0,0.0,0.0,0.0,0.0,14.86,5.69846,7.21586,0.0,0.0,0.0
2024-11-26,4.52284,0.0,10.87179,19.24,10.72,8.41644,13.06265,10.62576,0.0,0.0,11.9888,5.22046,6.66813,0.0,8.75117,0.0,0.0,0.0,0.0,0.0,0.0,11.28,13.72263,7.47551,0.0,0.0,0.0
2024-11-27,9.31937,0.0,7.96685,10.65,14.33,8.06109,10.88687,9.71309,0.0,0.0,11.30234,2.8964,8.96836,0.0,7.66716,0.0,0.0,0.0,0.0,0.0,0.0,10.39,3.89907,3.79595,0.0,0.0,0.0
2024-11-28,4.54547,0.0,9.16588,12.87,11.37,10.06364,20.87565,15.62238,0.0,0.0,17.92781,2.93598,11.25165,0.0,10.4163,0.0,0.0,0.0,0.0,0.0,0.0,13.45,4.42876,3.68949,0.0,0.0,0.0
2024-11-29,4.50273,0.0,9.30167,11.59,17.87,5.81813,16.34649,15.52079,0.0,0.0,16.03702,4.17074,8.7626,0.0,5.76203,0.0,0.0,0.0,0.0,0.0,0.0,8.31,6.25563,4.16486,0.0,0.0,0.0
2024-11-30,8.00385,0.0,10.15352,13.93,11.75,6.28792,10.52254,21.2757,0.0,0.0,13.64448,3.97573,10.09178,0.0,6.29401,0.0,0.0,0.0,0.0,0.0,0.0,12.67,10.45229,7.49382,0.0,0.0,0.0
2024-12-01,9.6278,0.0,9.77064,13.16,12.14,8.00967,33.61409,18.31602,0.0,0.0,18.60122,5.90709,10.73202,0.0,7.98854,0.0,0.0,0.0,0.0,0.0,0.0,7.98,6.81126,6.32296,0.0,0.0,0.0
2024-12-02,29.19696,0.0,41.39938,13.84,12.76,10.29016,19.33412,17.3199,0.0,0.0,18.83654,11.96596,7.87611,0.0,10.15265,0.0,0.0,0.0,0.0,0.0,0.0,14.28,4.8276,7.62865,0.0,0.0,0.0
2024-12-03,13.43745,0.0,14.18216,15.0,17.15,14.16306,13.95335,20.81909,0.0,0.0,18.16663,12.6884,17.23806,0.0,14.27035,0.0,0.0,0.0,0.0,0.0,0.0,21.12,4.29253,7.18585,0.0,0.0,0.0
2024-12-04,16.55273,0.0,8.94287,12.77,30.29,9.72119,13.86272,14.71577,0.0,0.0,15.86072,19.45392,10.13546,0.0,9.73048,0.0,0.0,0.0,0.0,0.0,0.0,14.62,4.23387,5.39435,0.0,0.0,0.0
2024-12-05,9.34018,0.0,29.44473,14.28,35.75,9.53251,56.57043,24.25678,0.0,0.0,29.93337,36.98709,22.8811,0.0,8.71663,0.0,0.0,0.0,0.0,0.0,0.0,16.95,18.18134,11.95191,0.0,0.0,0.0
2024-12-06,14.38128,0.0,10.78779,11.78,22.79,13.22746,19.33411,12.21893,0.0,0.0,18.67172,6.99176,6.95713,0.0,13.12523,0.0,0.0,0.0,0.0,0.0,0.0,12.12,20.10326,6.94922,0.0,0.0,0.0
2024-12-07,4.50723,0.0,4.53173,13.9,16.05,7.32933,15.6279,19.71062,0.0,0.0,16.78843,6.06798,13.34112,0.0,7.29617,0.0,0.0,0.0,0.0,0.0,0.0,16.67,10.21413,7.42316,0.0,0.0,0.0
2024-12-08,6.69117,0.0,19.81434,15.92,21.37,10.92323,26.28611,17.92706,0.0,0.0,19.53656,6.93365,11.44255,0.0,10.90328,0.0,0.0,0.0,0.0,0.0,0.0,16.19,4.29424,8.25882,0.0,0.0,0.0
2024-12-09,17.25861,0.0,13.3179,17.39,25.92,11.59012,25.88364,18.36397,38.15937,0.0,19.70557,7.36191,12.09385,0.0,11.15377,0.0,0.0,0.0,0.0,0.0,0.0,12.43,13.70164,8.64369,0.0,0.0,0.0
2024-12-10,11.9057,0.0,7.3712,16.21,12.47,19.33672,14.81411,26.19525,15.44598,0.0,19.81742,7.23446,8.29718,0.0,16.51683,0.0,0.0,0.0,0.0,0.0,0.0,10.77,11.74681,8.12221,0.0,0.0,0.0
2024-12-11,14.46671,0.0,15.02169,13.78,20.26,11.00936,30.45706,21.91205,16.91282,0.0,20.48293,7.18317,9.10441,0.0,10.98551,0.0,0.0,0.0,0.0,0.0,0.0,11.22,4.2571,8.19081,0.0,0.0,0.0
2024-12-12,4.4312,0.0,10.56378,15.62,13.69,9.35128,15.03468,16.52406,16.55953,0.0,14.95546,6.78922,9.15552,0.0,9.60159,0.0,0.0,0.0,0.0,0.0,0.0,10.99,13.41111,6.51663,0.0,0.0,0.0
2024-12-13,8.38286,0.0,12.48325,18.02,12.93,8.02104,15.41135,16.25582,17.02647,0.0,13.7507,26.59466,12.88124,0.0,7.98978,0.0,0.0,0.0,0.0,0.0,0.0,22.07,18.20027,6.17856,0.0,0.0,0.0
2024-12-14,4.19405,0.0,11.00819,13.56,14.24,11.94035,22.53855,14.73057,22.69788,0.0,13.95012,15.49701,9.495,0.0,11.34258,0.0,0.0,0.0,0.0,0.0,0.0,11.85,21.20655,8.38257,0.0,0.0,0.0
2024-12-15,4.39797,0.0,10.42644,12.97,13.42,10.02127,18.73334,16.07063,19.29523,0.0,15.111,7.72909,13.0776,0.0,9.98461,0.0,0.0,0.0,0.0,0.0,0.0,19.84,8.7826,7.3138,0.0,0.0,0.0
2024-12-16,10.10772,0.0,13.10755,14.35,15.85,8.7276,16.14477,21.19587,17.58442,0.0,17.39914,11.00227,10.01331,0.0,9.67621,0.0,0.0,0.0,0.0,0.0,0.0,12.41,10.72512,7.84431,0.0,0.0,0.0
2024-12-17,10.09064,0.0,10.29893,16.12,13.1,7.31265,20.03928,16.11306,19.68274,0.0,15.15559,8.44862,10.51138,0.0,6.71047,0.0,0.0,0.0,0.0,0.0,0.0,11.9,15.63369,13.22129,0.0,0.0,0.0
2024-12-18,10.18314,0.0,12.50896,15.13,14.46,20.83312,40.34149,29.43863,43.47275,0.0,28.93197,7.59935,11.26944,0.0,21.1914,0.0,0.0,0.0,0.0,0.0,0.0,18.03,23.61682,7.33481,0.0,0.0,0.0
2024-12-19,9.93428,0.0,12.17848,23.4,11.66,7.44811,28.41718,19.31609,30.99002,0.0,25.26911,17.47823,9.69125,0.0,7.91173,0.0,0.0,0.0,0.0,0.0,0.0,8.72,9.70064,5.63711,0.0,0.0,0.0
2024-12-20,9.34772,0.0,13.71923,15.34,15.86,6.1722,18.05999,18.14262,22.35585,0.0,17.32144,9.87184,7.39047,0.0,6.00461,0.0,0.0,0.0,0.0,0.0,0.0,10.54,9.3252,12.57837,0.0,0.0,0.0
2024-12-21,8.84618,0.0,9.93794,13.85,13.85,4.17294,11.37002,25.98413,14.27364,0.0,16.29235,8.89271,7.16835,0.0,4.22396,0.0,0.0,0.0,0.0,0.0,0.0,10.93,13.88955,7.29261,0.0,0.0,0.0
2024-12-22,8.63781,0.0,9.62192,13.96,11.55,4.00789,23.477,11.89644,21.25955,0.0,16.57326,8.57549,7.2697,0.0,4.07464,0.0,0.0,0.0,0.0,0.0,0.0,11.17,9.79406,7.17115,0.0,0.0,0.0
2024-12-23,9.20827,0.0,9.73311,15.86,12.04,8.71992,25.1817,13.37683,24.05122,0.0,19.24921,10.90955,6.43419,0.0,9.21542,0.0,0.0,0.0,0.0,0.0,0.0,12.79,8.71108,6.17747,0.0,0.0,0.0
2024-12-24,8.58205,0.0,9.88199,14.97,12.86,10.36043,28.0451,17.82676,23.37871,0.0,24.72988,14.15176,6.4516,0.0,11.01436,0.0,0.0,0.0,0.0,0.0,0.0,12.35,7.84128,6.16886,0.0,0.0,0.0
2024-12-25,8.53971,0.0,10.15326,14.39,13.15,5.71733,23.02643,19.35709,22.59483,0.0,17.83027,8.76484,6.50343,0.0,5.34901,0.0,0.0,0.0,0.0,0.0,0.0,11.4,7.98677,5.74381,0.0,0.0,0.0
2024-12-26,8.31023,0.0,10.29741,15.71,12.33,3.62444,14.71363,14.33534,19.5371,0.0,15.05688,9.26433,6.41388,0.0,3.51069,0.0,0.0,0.0,0.0,0.0,0.0,10.99,8.43685,5.36815,0.0,0.0,0.0
2024-12-27,8.247,0.0,10.16327,18.45,12.39,3.73395,15.16398,13.9959,17.42969,0.0,14.98073,5.56783,6.331,0.0,3.88182,0.0,0.0,0.0,0.0,0.0,0.0,11.77,9.08925,8.36749,0.0,0.0,0.0
2024-12-28,7.60096,0.0,10.01395,14.96,11.95,5.58013,17.48924,14.24318,19.20367,0.0,15.81012,5.88581,6.32031,0.0,5.4655,0.0,0.0,0.0,0.0,0.0,0.0,12.14,8.53532,6.36572,0.0,0.0,0.0
2024-12-29,6.81821,0.0,9.92251,14.55,11.85,7.26322,16.8384,12.48229,18.46335,0.0,16.99261,5.72358,6.48425,0.0,8.43677,0.0,0.0,0.0,0.0,0.0,0.0,12.43,9.08885,6.15271,0.0,0.0,0.0
2024-12-30,7.78914,0.0,9.18647,13.88,10.93,7.05184,16.54202,16.60652,16.97966,0.0,15.12196,7.30033,7.01325,0.0,7.00473,0.0,0.0,0.0,0.0,0.0,0.0,11.35,9.39863,7.0062,0.0,0.0,0.0
2024-12-31,7.41604,0.0,9.16578,12.86,12.3,6.16469,15.45902,18.24194,16.80432,0.0,13.76302,5.72676,6.98671,0.0,6.16826,0.0,0.0,0.0,0.0,0.0,0.0,11.59,9.48863,5.5924,0.0,0.0,0.0
2025-01-01,6.08619,0.0,10.00571,13.07,12.04,6.43184,16.34891,17.36065,14.67459,0.0,14.1582,5.56121,7.34066,0.0,6.35709,0.0,0.0,0.0,0.0,0.0,0.0,11.52,8.81198,7.69028,0.0,0.0,0.0
2025-01-02,6.76524,0.0,9.08394,12.25,12.6,10.20401,17.83395,15.81849,16.72434,0.0,16.00263,5.41889,7.89329,0.0,11.63444,0.0,0.0,0.0,0.0,0.0,0.0,11.96,7.41537,5.3317,0.0,0.0,0.0
2025-01-03,7.80485,0.0,9.06658,11.07,12.95,4.50917,13.91853,20.26278,18.8992,0.0,15.12762,7.97082,7.82908,0.0,5.84207,0.0,0.0,0.0,0.0,0.0,0.0,12.75,6.77336,7.97243,0.0,0.0,0.0
2025-01-04,7.73115,0.0,8.84268,11.17,13.45,10.33287,13.24217,14.58209,13.07211,0.0,12.55568,12.40013,7.62941,0.0,7.8685,0.0,0.0,0.0,0.0,0.0,0.0,12.71,6.37876,5.63103,0.0,0.0,0.0
2025-01-05,7.46655,0.0,8.72169,11.42,12.88,13.37992,14.55497,14.952,13.82963,0.0,13.29218,10.60676,7.79852,0.0,13.16854,0.0,0.0,0.0,0.0,0.0,0.0,12.15,6.69696,6.93847,0.0,0.0,0.0
2025-01-06,7.71516,0.0,9.07242,11.43,13.57,12.2616,15.95744,13.22227,14.43389,0.0,13.68162,5.68315,7.8087,0.0,9.09826,0.0,0.0,0.0,0.0,0.0,0.0,11.52,6.81972,5.29391,0.0,0.0,0.0
2025-01-07,18.2921,0.0,8.54004,12.94,12.69,9.01387,14.76818,14.41391,14.48637,0.0,13.4463,6.72049,7.55055,0.0,10.07709,0.0,0.0,0.0,0.0,0.0,0.0,11.96,7.69028,4.49285,0.0,0.0,0.0
2025-01-08,8.88274,0.0,8.5627,14.16,13.03,10.40356,14.02484,12.22968,12.87434,0.0,12.73459,3.74604,7.96624,0.0,10.42133,0.0,0.0,0.0,0.0,0.0,0.0,10.41,8.59593,7.1163,0.0,0.0,0.0
2025-01-09,7.68092,0.0,8.27664,13.15,13.72,9.3381,11.06046,11.46501,10.65493,0.0,12.79309,6.02683,7.46979,0.0,8.09461,0.0,0.0,0.0,0.0,0.0,0.0,11.73,8.5251,5.54124,0.0,0.0,0.0
2025-01-10,7.34142,0.0,8.2588,13.68,13.04,5.8685,60.66439,10.62013,9.03506,0.0,8.87566,5.99003,6.95247,0.0,6.17199,0.0,0.0,0.0,0.0,0.0,0.0,13.31,7.90903,5.5679,0.0,0.0,0.0
2025-01-11,7.1728,0.0,8.24229,12.42,12.66,5.06886,12.99378,12.38326,11.90055,0.0,9.40495,7.17013,6.20512,0.0,5.07992,0.0,0.0,0.0,0.0,0.0,0.0,13.09,8.03693,5.03374,0.0,0.0,0.0
2025-01-12,6.87464,0.0,8.13099,13.4,13.36,7.01178,14.85319,10.38241,11.49254,0.0,10.88954,7.15549,6.25858,0.0,6.85438,0.0,0.0,0.0,0.0,0.0,0.0,12.61,8.06803,5.31444,0.0,0.0,0.0
2025-01-13,6.78902,0.0,7.93647,11.33,14.28,10.75615,16.01156,12.80853,13.67048,0.0,11.62025,8.18592,6.60577,0.0,8.95776,0.0,0.0,0.0,0.0,0.0,0.0,9.02,7.94988,5.47391,0.0,0.0,0.0
2025-01-14,6.6447,0.0,7.61419,11.39,11.09,8.91055,13.46764,13.06776,13.21461,0.0,11.03479,6.12824,6.77054,0.0,8.78889,0.0,0.0,11.0297,0.0,0.0,0.0,9.27,7.13257,4.74839,0.0,0.0,0.0
2025-01-15,6.78495,3.53838,8.27206,10.3,11.51,14.35083,28.54287,13.20627,12.94024,0.0,12.46207,7.12692,7.00812,0.0,12.76906,0.0,0.0,0.0,0.0,0.0,0.0,9.16,6.81426,4.5063,0.0,0.0,0.0
2025-01-16,6.93877,2.97572,7.83896,11.54,11.21,7.48828,19.89144,13.73711,13.88776,0.0,11.67264,6.13663,7.45003,0.0,7.46629,0.0,0.0,12.53794,0.0,0.0,0.0,8.91,6.77226,4.78926,0.0,0.0,0.0
2025-01-17,7.10533,4.12932,8.52139,9.79,9.38,7.20082,17.72477,11.25091,11.63453,0.0,10.34363,7.44625,7.90268,0.0,7.06567,18.85012,0.0,9.27711,0.0,0.0,0.0,8.51,6.60207,4.91757,0.0,0.0,0.0
2025-01-18,6.33449,5.02935,8.50128,13.18,8.47,10.42538,17.67344,12.18192,12.40148,0.0,12.25884,8.08671,8.14372,0.0,10.35282,19.86979,0.0,7.4559,0.0,0.0,0.0,9.87,6.79484,5.33873,0.0,0.0,0.0
2025-01-19,6.50666,8.0007,9.24035,13.47,8.91,11.42775,20.34752,13.845,14.85734,0.0,15.37505,6.314,8.49631,0.0,8.05392,29.11608,0.0,9.67621,0.0,0.0,0.0,10.35,7.15531,7.99683,0.0,0.0,0.0
2025-01-20,6.97818,7.01,8.85182,13.86,8.95,9.69834,13.52424,12.11877,12.18552,0.0,11.81256,5.79158,8.80088,0.0,9.63352,12.42668,0.0,10.1164,0.0,0.0,0.0,10.47,8.8814,6.77002,0.0,0.0,0.0
2025-01-21,7.12073,4.91396,8.58664,10.23,10.6,9.36364,9.2059,9.59698,9.46146,0.0,9.38276,6.75456,8.01624,0.0,9.26924,8.97856,0.0,6.4537,0.0,0.0,0.0,9.72,8.25899,4.98158,0.0,0.0,0.0
2025-01-22,7.57672,5.67169,7.86393,11.21,9.78,7.80923,12.86777,12.57655,12.76904,0.0,12.68114,7.82114,7.94728,0.0,7.77287,13.21523,0.0,4.9621,0.0,0.0,0.0,9.6,8.41799,4.52718,0.0,0.0,0.0
2025-01-23,6.72921,5.67807,7.43024,10.17,10.14,7.96189,23.99418,10.17677,9.87776,0.0,9.62238,9.35452,7.15181,0.0,7.88469,28.62556,0.0,5.22982,0.0,0.0,0.0,9.55,8.05606,4.62872,0.0,0.0,0.0
2025-01-24,6.85605,10.13556,7.1385,10.39,9.35,13.20022,15.00169,12.91833,13.18994,0.0,12.73986,19.44699,6.89425,0.0,13.43871,13.99686,0.0,16.71652,0.0,0.0,0.0,11.38,7.09289,9.99085,0.0,0.0,0.0
2025-01-25,6.56326,9.2633,6.92615,10.17,8.84,11.05875,16.58311,13.47077,14.54346,0.0,12.58019,11.08936,6.78262,0.0,10.93504,16.61629,0.0,16.64866,0.0,0.0,0.0,10.69,7.27983,9.77271,0.0,0.0,0.0
2025-01-26,6.62548,9.15157,6.78294,9.72,8.2,10.97232,13.37554,12.52073,13.13329,0.0,12.12667,12.35377,6.69386,0.0,11.08557,13.07793,0.0,15.07331,0.0,0.0,0.0,10.32,7.73565,9.80044,0.0,0.0,0.0
2025-01-27,8.95123,13.80044,6.64822,9.28,9.46,10.63997,13.49564,12.23813,12.72401,0.0,11.59381,11.93768,6.67692,0.0,10.19886,13.32174,0.0,17.39778,0.0,0.0,0.0,9.52,8.04503,12.1537,0.0,0.0,0.0
2025-01-28,6.49021,9.68792,6.46669,11.2,10.28,11.5465,13.66439,14.5271,15.1265,0.0,12.49739,13.0091,5.74078,0.0,11.48157,12.47455,0.0,14.38058,0.0,0.0,0.0,9.29,7.89971,10.11387,0.0,0.0,0.0
2025-01-29,6.38666,9.4816,6.42766,10.01,11.3,12.22813,13.5096,13.35999,14.01582,0.0,11.77652,10.67322,5.59642,0.0,12.6785,13.02873,0.0,14.16763,0.0,0.0,0.0,9.82,7.43577,10.00993,0.0,0.0,0.0
2025-01-30,6.06483,9.51926,6.49592,9.2,10.95,11.23488,17.85669,13.31955,13.91617,0.0,12.73214,10.17288,6.93088,0.0,11.35471,18.2378,0.0,14.69598,0.0,0.0,0.0,10.49,6.97386,10.05283,0.0,0.0,0.0
2025-01-31,5.59762,8.0585,6.07688,9.68,9.65,11.05604,14.09444,13.09624,13.61502,0.0,12.37936,14.94823,6.48027,0.0,11.13939,13.953,0.0,13.59074,0.0,0.0,0.0,10.05,4.80483,8.77828,0.0,0.0,0.0
2025-02-01,5.62673,7.36951,5.97805,10.4,9.2,10.08249,16.40069,14.72006,15.4806,0.0,13.16077,10.57712,5.6796,0.0,10.02769,15.89525,0.0,12.51599,0.0,0.0,0.0,9.88,5.31971,8.4857,0.0,0.0,0.0
2025-02-02,5.79945,7.09005,5.97205,9.05,8.83,8.75175,20.45766,12.33618,12.9614,0.0,11.16878,12.36443,5.61395,0.0,8.93266,29.0173,0.0,11.75942,0.0,0.0,0.0,10.31,5.89947,7.49204,0.0,0.0,0.0
2025-02-03,6.93445,7.39521,4.73504,8.7,10.6,8.62334,12.03356,11.39887,11.92401,0.0,9.36394,26.50278,5.62735,0.0,8.63944,11.45172,0.0,13.05272,0.0,0.0,0.0,5.93,5.22321,9.36794,0.0,0.0,0.0
2025-02-04,6.65618,7.02345,4.79249,9.01,8.87,6.70144,13.38295,17.03652,15.89499,0.0,12.90889,10.70566,5.23923,0.0,6.5945,12.1757,0.0,11.62223,0.0,0.0,0.0,7.02,5.09029,8.05962,0.0,0.0,0.0
2025-02-05,6.41252,7.05444,4.88968,8.92,8.77,7.03265,13.36131,12.437,13.14404,0.0,9.4015,10.74908,5.15462,0.0,6.77775,13.23494,0.0,12.43145,0.0,0.0,0.0,7.01,5.0101,7.89696,0.0,0.0,0.0
2025-02-06,6.18477,7.17113,4.79089,9.63,9.31,6.86613,16.70051,11.15503,11.86868,0.0,9.30375,9.66266,4.45765,0.0,6.80203,19.52289,0.0,11.95495,0.0,0.0,0.0,6.83,5.25026,7.85997,0.0,0.0,0.0
2025-02-07,6.08473,5.85729,4.96097,9.4,8.36,6.75395,11.84823,10.74845,11.21937,0.0,8.63125,9.06037,4.40564,0.0,6.70231,11.10394,0.0,11.0942,0.0,0.0,0.0,7.23,5.27308,6.84564,0.0,0.0,0.0
2025-02-08,5.44472,6.38744,4.7255,9.1,8.37,7.13407,12.59464,11.77412,12.33101,0.0,9.18115,9.06713,4.56878,0.0,6.98551,11.29607,0.0,11.57416,0.0,0.0,0.0,7.88,4.90076,7.45204,0.0,0.0,0.0
2025-02-09,5.43506,6.23074,4.67614,8.55,8.81,7.16949,12.08144,12.37386,11.82429,0.0,9.00277,7.26467,4.2992,0.0,7.138,11.15785,0.0,11.32242,0.0,0.0,0.0,8.03,4.90048,7.27082,0.0,0.0,0.0
2025-02-10,4.93727,6.49085,4.49355,8.6,7.89,7.08272,11.21626,12.09292,11.61578,0.0,8.87235,7.152,4.42392,0.0,7.03292,9.22782,0.0,11.23208,0.0,0.0,0.0,12.17,4.74401,7.47674,0.0,0.0,0.0
2025-02-11,4.05593,6.34991,3.55242,8.59,7.59,6.79454,13.0179,11.17255,10.6405,0.0,8.65816,7.01728,3.76725,0.0,6.77405,9.72924,0.0,11.30171,0.0,0.0,0.0,9.67,4.13714,7.41546,0.0,0.0,0.0
2025-02-12,4.05785,10.3068,3.98756,8.0,7.73,6.48846,11.6338,11.32286,10.82057,0.0,9.40439,6.56783,3.94657,0.0,6.47373,11.25703,0.0,14.48126,0.0,0.0,0.0,9.26,4.19575,10.83942,0.0,0.0,0.0
2025-02-13,4.1902,8.61291,4.01972,8.15,7.41,7.01157,11.06952,10.90657,10.4256,0.0,8.87205,7.51443,4.14918,0.0,7.01649,11.04124,0.0,12.82717,0.0,0.0,0.0,8.81,4.62707,9.57884,0.0,0.0,0.0
2025-02-14,3.69629,8.4425,4.12668,7.15,6.45,7.39128,10.62669,10.48055,9.996,0.0,8.93975,7.50087,4.45709,0.0,7.40168,10.76231,0.0,11.69221,0.0,0.0,0.0,9.34,4.36502,8.90115,0.0,0.0,0.0
2025-02-15,3.72254,7.79377,4.13509,6.89,5.77,7.3213,10.67378,10.40195,9.91024,0.0,8.92298,5.96352,4.193,0.0,7.35468,10.72618,0.0,10.93441,0.0,0.0,0.0,8.57,4.6195,8.2006,0.0,0.0,0.0
2025-02-16,3.74277,8.48098,4.09106,6.95,5.7,7.91552,10.37332,9.74371,9.21004,0.0,8.69747,7.92332,4.1492,0.0,8.62594,10.50774,0.0,11.20558,0.0,0.0,0.0,8.76,4.89804,8.58117,0.0,0.0,0.0
2025-02-17,3.75508,7.77968,4.15934,6.65,5.98,7.2857,10.62463,9.91996,9.3119,0.0,8.77393,7.79917,4.28535,0.0,7.2025,10.72009,0.0,10.48352,0.0,0.0,0.0,8.83,4.6022,8.02956,0.0,0.0,0.0
2025-02-18,3.79356,10.11139,4.25721,6.37,5.37,7.0411,10.61609,9.88667,9.44069,0.0,8.74059,7.24537,4.39375,0.0,6.97962,10.94681,0.0,13.58671,0.0,0.0,0.0,9.83,5.12048,9.82888,0.0,0.0,0.0
2025-02-19,3.70619,10.29719,4.32459,5.96,5.78,7.36071,10.34621,9.83829,9.36079,0.0,8.91542,6.46569,4.5446,0.0,7.32383,10.50496,0.0,12.7844,0.0,0.0,0.0,8.91,4.8968,10.30214,0.0,0.0,0.0
2025-02-20,3.7102,9.94183,4.16245,5.47,6.27,7.35929,11.04373,9.79769,9.36809,0.0,8.35318,6.70889,4.80154,0.0,7.2685,10.62132,0.0,11.99801,0.0,0.0,0.0,8.86,4.93958,9.62895,0.0,0.0,0.0
2025-02-21,4.44897,9.18185,4.18517,6.97,5.85,5.98169,14.02253,7.20436,9.14692,0.0,7.41202,7.02543,4.88352,0.0,5.93477,17.45229,0.0,10.94424,0.0,0.0,0.0,10.11,5.06098,9.22019,0.0,0.0,0.0
2025-02-22,5.12156,10.96595,4.23585,5.05,6.19,7.23398,10.48036,9.85855,8.99077,0.0,7.93334,7.18161,5.00811,0.0,7.19351,11.15097,0.0,12.51451,0.0,0.0,0.0,8.73,4.64428,10.66651,0.0,0.0,0.0
2025-02-23,4.11329,9.76061,4.24817,5.23,6.17,6.96969,10.79365,9.84588,9.10002,0.0,8.09421,6.59922,5.02528,0.0,6.89662,11.46538,0.0,11.38835,0.0,0.0,0.0,8.54,4.74987,9.71764,0.0,0.0,0.0
2025-02-24,4.17792,9.60351,4.09746,6.11,5.98,6.53487,11.35206,10.93266,10.8946,0.0,9.70075,6.62685,5.07373,0.0,6.44362,11.35718,0.0,11.16465,0.0,0.0,0.0,9.19,5.01481,9.51907,0.0,0.0,0.0
2025-02-25,3.97986,6.83921,3.78483,6.71,5.65,5.27239,20.85862,11.15513,11.1413,0.0,9.32614,6.67186,4.92224,0.0,5.23608,25.01839,0.0,9.53466,0.0,22.07921,0.0,9.62,4.89312,6.96061,0.0,0.0,0.0
2025-02-26,3.52677,7.74907,4.77405,8.14,6.88,5.182,26.3061,13.39917,10.72216,0.0,9.06998,6.50736,5.61017,0.0,5.18288,31.2023,0.0,10.49313,0.0,15.07161,0.0,10.12,4.92572,7.71153,0.0,0.0,0.0
2025-02-27,3.28426,9.25247,4.87561,8.24,6.69,6.23423,14.8145,14.64529,14.38519,0.0,10.65748,6.12427,5.77405,0.0,6.19,15.62203,0.0,11.91047,0.0,16.22981,0.0,11.08,4.84568,9.12627,0.0,0.0,0.0
2025-02-28,3.35155,7.94834,3.46657,6.08,7.94,5.63012,11.19559,12.03313,10.06546,0.0,7.63024,15.34246,4.52286,0.0,5.56464,10.93744,0.0,10.3751,0.0,11.69878,0.0,9.49,4.2194,7.89052,0.0,0.0,0.0
2025-03-01,3.19872,7.54446,3.4335,5.31,6.19,5.602,11.10326,11.05901,9.86619,0.0,7.66324,6.79755,4.19968,0.0,5.55717,10.96917,0.0,9.61826,0.0,11.1641,0.0,8.25,4.34795,7.55692,0.0,0.0,0.0
2025-03-02,3.23862,8.01439,3.36937,4.5,6.11,5.7306,11.06667,10.89473,10.08419,0.0,7.30654,7.12061,4.66452,0.0,5.71047,10.97501,0.0,10.1545,0.0,12.64602,0.0,7.83,4.25126,8.07372,0.0,0.0,0.0
2025-03-03,3.38523,7.50248,3.18048,5.24,4.14,4.67654,10.04505,10.03346,9.21484,0.0,6.48863,5.86004,4.24043,0.0,4.6558,9.88604,0.0,9.13986,0.0,11.31781,0.0,9.49,4.00395,7.37595,0.0,0.0,0.0
2025-03-04,3.31658,7.33328,3.32912,4.15,5.29,4.9404,9.73217,9.7301,8.91581,0.0,6.63521,5.19901,3.51777,0.0,4.92761,9.6167,0.0,9.26469,0.0,10.54544,0.0,7.64,3.9495,7.16229,0.0,0.0,0.0
2025-03-05,3.36741,7.54965,3.39031,3.92,5.23,4.80843,9.09937,9.19219,8.61026,0.0,6.5629,5.12567,3.70998,0.0,4.78465,8.82002,0.0,8.72893,0.0,10.81069,0.0,7.05,3.93376,7.42764,0.0,0.0,0.0
2025-03-06,3.47455,7.25826,3.47602,4.19,5.12,4.80434,8.88463,8.74325,8.10128,0.0,6.12295,5.25443,3.77128,0.0,4.77992,8.94659,0.0,8.41438,0.0,9.4382,0.0,7.41,4.07956,7.14253,0.0,0.0,0.0
2025-03-07,3.37992,8.50356,3.27341,4.86,4.7,4.65612,8.60335,9.54487,8.54445,0.0,6.53526,5.40683,3.87131,0.0,4.64117,8.3937,0.0,9.36342,0.0,10.42568,0.0,8.0,3.71308,8.02451,0.0,0.0,0.0
2025-03-08,3.33949,7.32658,3.29938,4.67,4.58,4.69509,9.06565,9.05211,8.23267,0.0,5.99593,5.24956,3.69826,0.0,4.69372,9.39122,0.0,9.26637,0.0,8.33066,0.0,7.46,3.76892,7.13985,0.0,0.0,0.0
2025-03-09,3.29253,7.03199,3.30125,3.63,4.38,4.40729,8.9441,8.89264,8.26181,0.0,5.73181,5.00971,3.69696,0.0,4.39115,9.64954,0.0,8.71967,0.0,9.01292,0.0,7.66,3.92623,6.71942,0.0,0.0,0.0
2025-03-10,2.7487,6.84508,2.62912,4.55,4.48,3.87098,8.82125,8.85864,7.0498,0.0,5.66277,4.70081,3.33887,0.0,3.85409,9.68055,2.80008,7.83155,0.0,8.58857,0.0,7.35,3.3,6.47956,2.63421,0.0,0.0
2025-03-11,2.68137,5.4543,2.71629,4.86,4.62,5.14023,8.75121,8.65617,7.01262,0.0,6.03965,4.24487,3.07299,0.0,5.06715,9.18709,2.83098,7.22236,0.0,8.44789,0.0,7.14,4.12249,5.3134,3.21698,0.0,0.0
2025-03-12,2.66124,5.59408,2.37849,4.6,4.68,5.10871,8.32181,8.48984,6.97349,0.0,6.03943,4.22487,3.01097,0.0,5.01187,8.85115,2.87004,7.57447,0.0,8.29255,0.0,6.59,4.05742,5.44449,2.80149,0.0,0.0
2025-03-13,2.66073,5.77669,2.76053,4.76,4.47,6.51994,9.54829,8.68651,6.30681,0.0,5.98994,4.35412,2.94018,0.0,6.67304,9.9867,2.62587,7.62922,0.0,8.32154,0.0,7.0,3.80421,5.61542,2.53814,0.0,0.0
2025-03-14,2.71276,5.80808,2.85411,4.01,4.58,4.97423,8.55894,8.59201,6.93042,0.0,5.94607,4.41013,3.06187,0.0,4.90904,8.72524,2.58466,7.6093,0.0,8.23342,0.0,6.64,3.8379,5.75822,2.54767,0.0,0.0
2025-03-15,2.76348,5.80808,2.79214,4.25,4.68,4.97423,8.55894,8.59201,6.93042,0.0,5.94607,4.41036,3.08515,0.0,4.90904,8.72524,2.80178,7.6093,0.0,8.23342,0.0,6.53,3.78531,5.75822,2.75915,0.0,0.0
2025-03-16,2.64882,5.80808,2.6532,4.39,4.81,4.97423,8.55894,8.59201,6.93042,0.0,5.94607,4.41013,2.80631,0.0,4.90904,8.72524,2.51237,7.6093,0.0,8.23342,0.0,6.63,3.51318,5.75822,2.41458,0.0,0.0
2025-03-17,2.67594,5.80924,2.65834,4.35,4.88,4.95862,8.56016,8.59258,6.93037,0.0,5.94607,4.41013,2.79356,0.0,4.88756,8.72758,2.83631,7.61046,0.0,8.23301,0.0,6.68,3.48996,5.75917,2.19355,0.0,0.0
2025-03-18,2.64739,5.2339,2.72347,4.59,4.72,5.14229,7.39275,7.1702,6.12147,0.0,6.47992,6.66699,2.87764,0.0,5.1216,7.13314,2.69192,6.59241,0.0,9.06051,0.0,6.29,3.50705,5.32792,2.21552,0.0,0.0
2025-03-19,3.7794,5.71659,2.22727,6.41,7.61,8.77253,7.55905,7.74231,6.48051,0.0,6.61332,5.79739,2.28193,0.0,8.5043,7.32333,1.87722,7.99555,0.0,7.83665,0.0,5.9,2.84383,5.77411,1.73194,0.0,0.0
2025-03-20,3.43485,5.8614,2.49219,7.29,6.56,6.52863,20.2317,14.7403,5.98034,0.0,5.934,8.82468,2.48801,0.0,6.84945,25.53663,1.96387,7.50579,0.0,7.63119,0.0,6.09,2.99056,5.84864,2.61805,0.0,0.0
2025-03-21,2.89412,5.92324,3.03662,8.1,6.9,7.80975,13.4979,10.5795,7.57166,0.0,7.03832,5.89173,2.62174,0.0,7.60092,12.45032,2.17912,9.20981,0.0,11.231,0.0,5.63,3.1459,5.94575,2.6738,0.0,0.0
2025-03-22,2.4947,5.99966,3.10443,7.61,6.33,5.1425,8.39503,9.02722,7.95015,0.0,7.03358,4.88756,2.71582,0.0,5.0183,8.41231,2.25795,7.82147,0.0,8.85051,0.0,5.69,3.22224,5.99146,2.58736,0.0,0.0
2025-03-23,2.22286,5.83671,2.96481,7.31,6.72,7.10304,8.45711,8.87773,7.73654,0.0,7.0583,5.19378,2.66289,0.0,7.10284,8.00853,2.33507,7.17902,0.0,7.52603,0.0,5.77,3.27933,6.1308,2.56944,0.0,0.0
2025-03-24,2.36524,5.64658,2.89034,5.6,6.88,6.55481,8.2822,8.87318,7.0367,0.0,9.86743,4.75302,2.68253,0.0,6.43063,5.52361,2.26918,9.28327,0.0,6.54363,0.0,5.17,3.17839,5.75629,2.76949,0.0,0.0
2025-03-25,2.48828,5.73926,2.91089,5.31,6.94,4.55979,6.15975,6.69733,6.45518,0.0,5.96604,4.61839,2.69094,0.0,4.55854,5.90559,2.04403,7.63866,0.0,3.67184,0.0,5.3,3.1942,5.86388,2.81607,0.0,0.0
2025-03-26,2.66265,5.88653,2.85389,5.5,6.27,4.40827,5.99328,6.48887,6.14478,0.0,5.54783,4.62425,2.67074,0.0,4.34897,5.76362,2.27758,7.76538,0.0,9.14475,0.0,5.12,3.13912,5.95467,2.76608,0.0,0.0
2025-03-27,2.65128,5.65824,3.04199,5.96,6.14,4.6711,6.23809,7.16514,5.02413,0.0,4.51004,4.19667,2.73025,0.0,4.66513,5.51051,2.77764,7.66323,0.0,5.59787,0.0,5.58,3.11524,5.77038,2.74427,0.0,0.0
2025-03-28,2.37418,5.85832,3.36562,7.48,7.04,4.56407,6.48975,7.96973,6.08208,0.0,5.4,4.15972,2.8706,0.0,4.55154,6.90426,3.50257,9.28513,0.0,7.31861,0.0,6.38,3.31398,5.90502,2.62466,0.0,0.0
2025-03-29,2.15617,5.69538,3.14379,7.2,6.63,4.46222,6.64295,7.65748,5.79245,0.0,5.25934,3.90745,2.5412,0.0,4.46679,7.03983,2.92957,12.49206,0.0,7.63659,0.0,6.19,3.10099,5.68616,2.39486,0.0,0.0
2025-03-30,3.91343,3.60251,3.10019,6.77,6.66,3.68278,6.62795,7.98762,5.87846,0.0,5.27917,3.76515,2.55306,0.0,3.60987,7.0773,2.86192,6.16384,0.0,6.82335,0.0,6.32,3.08972,3.93095,2.29235,0.0,0.0
2025-03-31,3.23464,4.31064,2.9492,5.79,6.04,4.01761,5.15329,5.02043,4.4158,0.0,4.19998,3.95927,2.4585,0.0,4.19067,4.73005,2.78636,6.18543,0.0,6.51519,0.0,5.69,3.05085,4.50033,2.40997,0.0,0.0
2025-04-01,2.99238,5.87938,2.9139,6.03,6.08,4.26195,5.73062,5.76037,5.70902,0.0,5.28374,4.97062,2.45415,0.0,4.28854,5.57832,2.53195,7.16008,0.0,7.46976,0.0,5.56,3.04562,5.95653,2.61235,0.0,0.0
2025-04-02,2.98455,5.32122,2.86269,5.54,5.56,4.31162,5.89334,5.73711,5.45565,0.0,5.33443,4.37485,2.35752,0.0,4.24898,5.39451,2.30428,6.88178,0.0,6.77182,0.0,6.33,2.89067,5.42519,2.56744,0.0,0.0
2025-04-03,2.70048,6.10143,2.64098,5.64,5.48,4.58589,5.50294,5.79889,5.4537,0.0,5.06278,4.34772,2.41397,0.0,4.5856,5.06747,2.31841,7.27469,0.0,6.40194,0.0,5.95,3.01445,5.95772,2.51393,0.0,0.0
2025-04-04,2.66334,6.48831,2.71484,5.44,5.2,5.34143,5.65331,6.19688,5.91576,0.0,5.66881,4.09772,2.44912,0.0,5.17127,5.35749,2.33983,7.36031,0.0,6.42623,0.0,5.99,2.92706,6.29625,2.42813,0.0,0.0
2025-04-05,2.27714,6.2387,2.74007,5.48,5.09,6.16757,5.55545,6.30406,5.86661,0.0,5.45696,3.99611,2.44893,0.0,6.16721,5.47617,2.3131,6.36508,0.0,6.12667,0.0,6.11,2.94642,6.23825,2.30336,0.0,0.0
2025-04-06,2.27763,7.25204,2.5725,4.69,4.19,4.67612,7.35009,7.84446,5.92393,0.0,5.25178,3.91475,2.33995,0.0,4.84123,5.5241,2.25285,7.06103,0.0,6.25161,0.0,6.29,2.84651,7.06728,2.2919,0.0,0.0
2025-04-07,1.84214,4.22684,2.57492,4.11,5.32,3.48943,4.81217,4.28272,4.56923,0.0,4.19734,2.91586,2.13333,0.0,3.4748,4.45411,2.23087,12.96913,0.0,3.91049,0.0,5.43,2.69045,5.21302,2.1215,0.0,0.0
2025-04-08,1.8456,5.65794,2.58583,4.68,4.39,4.27386,5.16306,5.43177,5.47497,0.0,5.12242,3.58993,2.12123,0.0,4.12989,4.81138,2.35289,6.36909,0.0,6.1899,0.0,5.89,2.72361,5.47271,1.92639,0.0,0.0
2025-04-09,1.76389,6.24765,2.67683,4.14,5.86,5.78175,5.49471,5.9925,5.61878,0.0,5.3225,3.61729,2.08335,0.0,5.86741,5.17727,2.41673,6.7029,0.0,6.48165,0.0,5.18,2.67763,6.11102,1.98943,0.0,0.0
2025-04-10,1.71725,5.44987,2.81635,4.75,6.1,5.30884,8.08398,9.81848,5.25305,0.0,4.82497,3.15163,2.11565,0.0,5.28924,5.24823,2.07761,6.24799,0.0,5.97446,0.0,5.34,2.81039,5.30707,2.14752,0.0,0.0
2025-04-11,1.75322,5.52618,3.21554,5.09,6.41,6.4972,5.94351,6.57148,6.22663,0.0,5.8624,3.69036,2.23149,0.0,5.74825,5.91713,2.21184,6.18935,0.0,6.73707,0.0,5.96,2.86485,5.46377,2.08391,0.0,0.0
2025-04-12,2.2419,5.55268,3.13246,4.93,7.67,6.24547,5.89958,6.5078,6.13278,0.0,6.26345,3.75235,2.26771,0.0,6.40215,5.62727,2.27721,6.29219,0.0,7.09537,0.0,6.13,2.97479,5.61666,2.01138,0.0,0.0
2025-04-13,1.89676,5.47069,3.04988,5.25,7.24,5.95983,8.87776,10.10366,8.61418,0.0,9.12165,3.67917,2.26911,0.0,4.49419,8.40114,2.15967,6.16902,0.0,9.75418,0.0,6.2,3.09338,5.50932,1.87805,0.0,0.0
2025-04-14,1.71142,5.51215,3.03576,5.02,7.39,4.36926,7.10197,8.68897,8.26682,0.0,7.96568,3.83879,2.38043,0.0,4.36637,9.51585,1.98699,6.21693,0.0,10.62792,0.0,5.82,3.16035,5.5948,1.80492,0.0,0.0
2025-04-15,1.84808,5.31654,2.71479,4.56,6.1,4.01872,5.94298,4.9609,5.90501,0.0,4.97483,3.91267,2.27942,0.0,4.0483,4.50737,2.45853,6.06841,0.0,5.66611,0.0,5.15,3.08605,5.37072,1.90188,0.0,0.0
2025-04-16,2.0652,5.33344,2.60676,5.09,5.27,4.18851,7.43926,10.08448,5.3813,0.0,4.66072,4.13938,2.34117,0.0,4.17166,6.69852,2.22946,6.02597,0.0,5.64818,0.0,5.39,3.06012,5.37138,2.07428,0.0,0.0
2025-04-17,2.022,5.33869,2.56107,5.06,7.38,4.06292,5.66007,5.52008,5.83827,0.0,6.06557,3.46246,2.31273,0.0,4.07441,4.60971,2.18056,5.72497,0.0,6.99351,0.0,5.43,3.14868,5.36201,2.02935,0.0,0.0
2025-04-18,2.07613,5.13207,2.5883,5.72,7.18,3.90672,6.22074,6.51395,7.08708,0.0,6.2284,3.18512,2.43244,0.0,3.90162,5.60034,2.30495,5.49005,0.0,6.4178,0.0,5.81,3.26503,5.19514,1.95863,0.0,0.0
2025-04-19,2.14353,5.1903,2.52591,5.81,7.18,4.03864,5.50681,5.54441,5.8149,0.0,5.15965,3.16463,2.42998,0.0,4.04662,5.1091,2.35285,5.671,0.0,6.34535,0.0,5.51,3.24807,5.27562,1.75762,0.0,0.0
2025-04-20,2.06608,5.13564,2.47381,5.67,6.89,3.61816,6.25695,6.40916,6.68175,0.0,7.14566,3.11404,2.47451,0.0,3.61559,6.0831,2.39562,5.85793,0.0,6.81678,0.0,5.46,3.31563,5.11201,1.9326,0.0,0.0
2025-04-21,3.38732,5.13951,2.59213,5.73,6.54,3.80706,7.49498,7.22897,6.65944,0.0,5.90601,3.44274,2.48452,0.0,3.80841,6.38505,2.31729,5.72961,0.0,8.66248,0.0,6.09,3.19658,5.17536,2.03853,0.0,0.0
2025-04-22,3.12083,5.2402,2.39371,5.77,6.69,4.20886,5.73467,5.48446,6.23127,0.0,5.07512,3.22934,2.63664,0.0,4.19726,5.0009,2.29741,6.17961,0.0,6.38942,0.0,5.86,3.321,5.40574,2.24983,0.0,0.0
2025-04-23,2.26266,5.29401,2.32432,5.7,6.62,5.63798,5.64301,6.21777,5.99135,0.0,5.54245,3.2006,2.58678,0.0,5.64138,5.48135,2.32036,6.27035,0.0,6.44279,0.0,5.96,3.26358,5.57859,3.12599,0.0,0.0
2025-04-24,2.03485,5.30702,2.3131,4.99,5.43,5.0395,6.65634,7.86396,5.7005,0.0,5.10248,3.19642,2.51095,0.0,4.97855,4.98242,2.10112,5.98714,0.0,6.18303,0.0,5.26,3.32645,5.51575,3.76205,0.0,0.0
2025-04-25,2.55469,5.32391,2.28569,4.78,5.19,5.47259,5.34385,5.95628,5.42639,0.0,5.35998,3.34056,2.62471,0.0,5.5417,4.91297,2.03445,6.14438,0.0,6.44412,0.0,5.19,3.37873,5.82268,3.69337,0.0,0.0
2025-04-26,2.16224,5.41749,2.70079,5.03,4.67,5.58373,5.32265,5.9138,5.63901,0.0,5.06305,3.50236,2.67226,0.0,5.57155,4.84171,2.07159,6.18428,0.0,6.14614,0.0,5.42,3.28792,5.8825,3.42812,0.0,0.0
2025-04-27,1.948,5.34757,2.85224,5.1,4.68,4.83584,6.20476,7.13407,6.33899,0.0,5.24742,3.45214,2.77998,0.0,4.85081,4.92385,2.27552,6.22584,0.0,6.66343,0.0,5.49,3.30603,5.80242,2.99587,0.0,0.0
2025-04-28,1.81985,5.32147,2.85707,5.07,4.95,6.18849,5.91965,7.12976,5.81103,0.0,5.28553,3.44303,2.80899,0.0,5.57075,5.20945,2.37037,6.07328,0.0,6.27945,0.0,5.6,3.10351,5.71761,2.79825,0.0,0.0
2025-04-29,1.93317,6.68422,2.79153,5.08,4.78,4.5125,5.41367,6.29262,5.54604,0.0,5.12477,5.39627,2.98367,0.0,4.49206,4.84227,2.31262,7.18556,0.0,5.99922,0.0,5.36,3.18156,6.89335,2.58186,0.0,0.0
2025-04-30,1.98328,7.8846,2.80662,5.32,4.65,4.28627,6.11549,6.85511,5.14409,0.0,4.9198,3.44667,2.93085,0.0,4.27821,3.54212,2.41263,8.15236,0.0,7.7132,0.0,5.55,3.28203,7.83711,2.51342,0.0,0.0
2025-05-01,2.3849,13.15456,2.9605,5.06,4.96,4.72345,5.46428,5.65695,5.96926,0.0,4.97178,3.61313,2.91422,0.0,4.74331,4.70364,2.25067,12.83462,0.0,7.0533,0.0,6.14,3.30144,12.3019,2.6123,0.0,0.0
2025-05-02,2.5014,5.47909,2.86129,4.86,5.02,4.98168,5.77297,5.96901,5.49649,0.0,5.67541,3.41728,2.90524,0.0,4.88523,4.93388,2.36421,6.26865,0.0,6.55919,0.0,6.23,3.23775,5.72374,2.58633,0.0,0.0
2025-05-03,2.30768,5.44243,2.95036,4.97,4.9,4.41449,5.49168,5.40358,5.88527,0.0,5.52952,3.42772,2.89012,0.0,4.52275,5.02485,2.41401,6.03561,0.0,6.55035,0.0,6.05,3.23891,5.6929,2.53493,0.0,0.0
2025-05-04,2.19402,5.45411,3.14103,5.21,4.69,4.37337,4.49163,4.574,4.75114,0.0,4.39247,3.44251,2.85067,0.0,4.46067,3.95179,2.59854,6.01142,0.0,5.5546,0.0,5.97,3.30587,5.6642,2.24383,0.0,0.0
2025-05-05,2.40871,5.46949,2.97519,5.42,4.54,4.48955,4.54902,4.45757,4.8441,0.0,4.54472,3.11496,3.01581,0.0,4.30659,3.57014,2.38056,5.99937,0.0,5.87517,0.0,5.01,3.23566,5.64245,2.22127,0.0,0.0
2025-05-06,2.29722,5.57921,3.26147,6.29,5.2,4.26886,5.70356,6.60731,4.90109,0.0,4.51145,3.32705,2.92158,0.0,4.26412,4.43757,2.61009,6.09749,0.0,4.8453,0.0,5.66,3.40676,5.81082,2.17529,0.0,0.0
2025-05-07,3.84077,5.5487,3.04863,5.84,5.45,4.43716,5.59051,6.89336,5.23407,0.0,4.71268,3.61027,2.80997,0.0,4.43438,5.16948,2.53857,6.04552,0.0,5.0825,0.0,5.47,3.09447,5.78012,2.05484,0.0,0.0
2025-05-08,3.05495,5.76489,3.12704,5.57,6.17,4.6234,6.67475,6.44432,7.57707,0.0,7.60404,3.53307,3.21016,0.0,4.59225,5.40365,2.46792,6.23917,0.0,8.34523,0.0,5.31,2.99552,6.12363,2.21735,0.0,0.0
2025-05-09,2.77826,5.75783,3.24834,5.68,5.25,4.66857,13.05797,6.14513,11.14768,0.0,9.19697,3.58037,3.53714,0.0,4.7017,7.12592,2.59257,6.30266,0.0,13.32226,0.0,6.08,3.09432,6.09267,2.42345,0.0,0.0
2025-05-10,2.75911,5.90354,3.29008,5.35,5.65,4.68779,7.11645,6.68457,7.73654,0.0,6.06538,3.74593,3.52589,0.0,4.76447,6.18338,2.71133,6.49872,0.0,7.47051,0.0,6.24,3.01578,6.33237,2.62618,0.0,0.0
2025-05-11,3.06912,5.84388,3.34252,5.57,5.83,4.62852,5.9385,6.28842,5.92458,0.0,5.42807,3.70325,3.45918,0.0,4.54844,5.49484,2.7914,6.30921,0.0,7.69766,0.0,5.09,3.24256,6.22118,2.81635,0.0,0.0
2025-05-12,3.74162,5.83698,3.59898,6.43,5.59,4.76953,7.66886,7.0717,7.73398,0.0,7.27479,5.05501,3.98118,0.0,4.8238,6.52678,2.81359,6.33047,0.0,7.78904,0.0,5.42,3.30884,6.33411,2.91306,0.0,0.0
2025-05-13,3.712,5.96738,3.71617,6.84,6.15,4.98975,7.82161,6.26442,7.93212,0.0,6.97423,4.67889,3.94529,0.0,4.98617,6.36667,2.82075,6.51123,0.0,9.35467,0.0,6.07,3.53811,6.4368,2.87951,0.0,0.0
2025-05-14,4.52838,5.90486,3.66214,6.92,6.2,7.10184,7.48332,7.83176,7.37789,0.0,6.87294,4.57157,3.90721,0.0,7.11703,6.64452,2.79461,6.63137,0.0,7.40934,0.0,5.72,3.4867,6.34894,3.26491,0.0,0.0
2025-05-15,3.42654,6.14738,3.69498,6.54,5.81,4.90299,7.37193,7.09217,7.60372,0.0,7.76163,4.39905,3.62899,0.0,4.87437,7.1236,2.83148,6.70493,0.0,8.88347,0.0,6.24,3.40359,6.53196,3.27042,0.0,0.0
2025-05-16,4.39978,6.10296,3.80671,6.15,6.15,4.94857,7.29761,7.06649,7.23309,0.0,7.27947,4.57732,3.65142,0.0,4.98899,6.18844,2.70859,6.60763,0.0,9.99959,0.0,5.84,3.42084,6.49852,3.14939,0.0,0.0
2025-05-17,3.8908,5.92121,3.85419,5.31,6.02,4.89885,7.72347,9.3479,8.07322,0.0,7.58491,4.52021,3.2352,0.0,4.9485,9.913,2.71447,6.40097,0.0,8.27768,0.0,5.72,3.42537,6.2513,3.00127,0.0,0.0
2025-05-18,3.36467,0.0,3.87894,5.96,6.1,0.0,0.0,0.0,0.0,0.0,0.0,0.0,3.6533,0.0,0.0,0.0,2.71364,0.0,0.0,0.0,0.0,5.84,3.54602,0.0,2.95194,0.0,0.0
2025-05-19,3.30307,6.21173,3.98215,5.98,5.85,5.92061,6.89747,7.06772,6.90268,0.0,6.76669,4.20125,3.84132,0.0,5.91494,6.52241,2.63881,6.73764,0.0,8.2358,0.0,6.0,3.43923,6.59885,2.96123,0.0,0.0
2025-05-20,3.55008,6.1856,3.92227,5.78,5.9,5.24973,7.20917,6.91721,7.76281,0.0,7.16707,4.31066,3.73791,0.0,5.50844,6.77518,2.65946,6.67535,0.0,7.73876,0.0,5.66,3.75139,6.54091,3.34882,0.0,0.0
2025-05-21,3.53264,6.16845,3.80665,5.54,6.13,5.28105,6.38402,6.77684,6.60699,0.0,6.52611,4.14203,4.03965,0.0,5.27953,5.89827,2.54366,6.66011,0.0,7.71501,0.0,5.54,3.89073,6.53222,3.69331,0.0,0.0
2025-05-22,3.69047,6.52146,3.61293,6.44,6.62,6.98913,9.08832,12.30644,8.57459,0.0,8.5059,4.23751,4.37491,0.0,7.36526,10.9795,2.66532,6.99648,0.0,10.39456,0.0,6.33,3.98201,6.78417,3.58006,0.0,0.0
2025-05-23,3.68889,6.13612,3.91083,8.55,7.6,8.56536,8.87979,8.90857,9.06487,0.0,7.22272,4.42049,3.60312,0.0,9.0017,7.86816,2.8417,6.76196,0.0,8.79406,0.0,7.53,4.2344,6.44726,3.32592,0.0,0.0
2025-05-24,3.51421,6.00752,3.95309,8.1,7.96,6.91009,7.28023,8.05454,7.54173,0.0,7.14203,4.56855,3.30337,0.0,6.81534,7.18266,2.85192,6.60693,0.0,7.97353,0.0,7.18,4.21589,6.28937,3.39974,0.0,0.0
2025-05-25,3.3363,5.99839,4.12603,7.88,8.22,6.56722,7.67439,7.28679,7.15491,0.0,6.87379,4.18216,3.10053,0.0,6.41504,6.3742,2.89891,6.46453,0.0,8.34702,0.0,6.96,4.11148,6.26135,3.40897,0.0,0.0
2025-05-26,3.58106,4.77616,3.85487,7.35,7.83,5.15489,5.82854,6.23199,5.99168,0.0,5.78759,4.51059,3.16479,0.0,5.06527,5.76965,2.77965,6.23445,0.0,7.56616,0.0,6.73,3.97251,6.27289,3.5967,0.0,0.0
2025-05-27,3.78603,4.75762,3.82898,6.35,6.32,5.01645,6.18292,7.18837,5.71108,0.0,5.52596,4.5094,3.62254,0.0,5.09672,6.6708,2.62172,6.55659,0.0,7.69619,0.0,5.91,3.90642,6.26167,3.61141,0.0,0.0
2025-05-28,3.65344,4.77115,3.88816,5.83,6.51,4.86967,6.32593,7.15646,6.0723,0.0,6.06608,5.48968,3.6029,0.0,4.98476,6.22627,2.31049,6.41162,0.0,11.17961,0.0,6.42,4.04626,6.28979,3.62721,0.0,0.0
2025-05-29,3.62795,4.80847,4.03087,6.1,6.69,5.12163,7.02988,7.06781,7.56034,0.0,6.4657,4.20044,3.89641,0.04739,5.05555,6.12756,2.42928,6.51408,4.81828,8.23855,0.0,6.87,4.07959,6.30764,3.4325,0.0,0.0
2025-05-30,3.79473,4.77686,3.74995,6.09,6.3,5.80099,6.54197,7.01437,6.88648,0.0,5.94986,4.02462,3.56156,0.0,5.74417,5.93613,2.44476,6.33432,5.70363,8.08148,0.0,6.41,3.94104,6.56998,3.38576,0.0,0.0
2025-05-31,3.80203,4.77032,3.88941,6.07,6.12,4.75111,6.14929,6.63073,6.48889,0.0,6.14522,5.23003,3.53489,0.0,4.71145,5.68802,2.412,6.37427,4.49805,7.05547,0.0,5.77,3.91198,6.41951,3.21069,0.0,0.0
2025-06-01,3.85424,4.7528,3.85111,5.76,6.51,4.63656,6.22953,6.65666,7.00891,0.0,6.20532,4.86357,3.19645,0.0,4.57755,6.0525,2.35227,6.36948,4.33086,7.35555,0.0,5.73,3.8129,6.47576,3.36381,0.0,0.0
2025-06-02,3.97005,5.62469,3.89288,5.75,6.76,4.44835,6.12163,6.50261,6.42651,0.0,6.05879,4.62046,3.21301,0.0,4.52577,5.68422,2.34973,7.10679,4.36797,6.98901,0.0,5.87,4.78192,7.1047,3.41497,0.0,0.0
2025-06-03,4.09938,5.62854,3.8952,5.48,6.7,4.52037,5.82597,6.02824,6.33674,0.0,6.05096,4.66737,3.28744,0.0,4.45883,5.66806,2.48942,5.92749,4.29684,6.81158,0.0,6.01,4.57844,7.01327,3.25682,0.0,0.0
2025-06-04,4.24617,4.79164,4.18542,5.79,6.69,4.27758,11.64188,9.69086,12.52012,0.0,12.33757,4.41403,3.30999,0.0,4.2415,10.12903,2.36255,6.42814,4.08924,12.5847,0.0,6.06,4.49648,6.20794,3.30077,0.0,0.0
2025-06-05,3.70138,4.76966,4.3703,6.31,6.71,3.72279,8.20705,9.42471,7.50021,0.0,8.89301,3.93916,3.29441,0.08779,3.71432,9.73033,2.46753,4.75895,3.71163,8.44244,0.0,6.44,4.37454,4.76966,3.36533,0.0,0.0
