,aave-v3_PT-EUSDE-14AUG2025_Ethereum,aave-v3_PT-SUSDE-31JUL2025_Ethereum,aave-v3_PT-USDE-31JUL2025_Ethereum,aave-v3_SUSDE_Ethereum,aave-v3_USDC_Ethereum,aave-v3_USDE_Ethereum,aave-v3_USDT_Ethereum,ethena-usde_SUSDE_Ethereum,fluid-lending_USDC_Ethereum,fluid-lending_USDT_Ethereum,morpho-blue_BBQUSDC_Ethereum,morpho-blue_GTUSDCCORE_Ethereum,morpho-blue_PT-SYRUPUSDC-28AUG2025_Ethereum,morpho-blue_PT-USDS-14AUG2025_Ethereum,morpho-blue_REUSDC_Ethereum,morpho-blue_SPARKUSDC_Base,morpho-blue_SPDAI_Ethereum,morpho-blue_STEAKUSDC_Ethereum,morpho-blue_STEAKUSDT_Ethereum,morpho-blue_SYRUPUSDC_Ethereum,morpho-blue_USUALUSDC+_Ethereum
2024-06-06,0.0,0.0,0.0,0.0,11.91186,0.00526,7.39565,26.00189,11.26,14.31714,0.0,30.54667,0.0,0.0,0.0,0.0,14.26367,15.1565,16.12974,0.0,0.0
2024-06-07,0.0,0.0,0.0,0.0,11.98452,2.35105,6.53898,25.36063,11.1671,14.48306,0.0,24.11397,0.0,0.0,0.0,0.0,11.51851,8.25579,9.01531,0.0,0.0
2024-06-08,0.0,0.0,0.0,0.0,7.4014,0.9942,6.67133,24.68142,11.53243,14.05493,0.0,19.33373,0.0,0.0,0.0,0.0,12.03498,8.90976,7.51661,0.0,0.0
2024-06-09,0.0,0.0,0.0,0.0,7.31854,1.18013,6.66965,23.89971,10.78145,14.14491,0.0,46.35642,0.0,0.0,0.0,0.0,14.98221,10.3381,6.75272,0.0,0.0
2024-06-10,0.0,0.0,0.0,0.0,7.44194,1.47043,6.80228,23.4354,11.32447,14.24906,0.0,16.18035,0.0,0.0,0.0,0.0,10.79973,7.80178,6.48192,0.0,0.0
2024-06-11,0.0,0.0,0.0,0.0,7.36741,1.72535,7.14781,23.00921,11.01917,13.66761,0.0,22.99839,0.0,0.0,0.0,0.0,11.02591,7.72897,6.49605,0.0,0.0
2024-06-12,0.0,0.0,0.0,0.0,7.27602,2.09637,7.10526,22.62092,11.04877,14.22366,0.0,18.39695,0.0,0.0,0.0,0.0,11.3053,8.08735,6.38328,0.0,0.0
2024-06-13,0.0,0.0,0.0,0.0,11.77067,2.14865,6.92413,17.16282,9.59313,13.80179,0.0,18.94758,0.0,0.0,0.0,0.0,11.57652,10.1883,15.88241,0.0,0.0
2024-06-14,0.0,0.0,0.0,0.0,7.36127,2.493,6.96671,16.99833,10.37139,13.437,0.0,18.55313,0.0,0.0,0.0,0.0,11.0467,8.15842,15.95935,0.0,0.0
2024-06-15,0.0,0.0,0.0,0.0,7.24692,3.36694,6.87093,16.96518,10.05626,13.05818,0.0,16.15704,0.0,0.0,0.0,0.0,10.95656,8.06381,12.54047,0.0,0.0
2024-06-16,0.0,0.0,0.0,0.0,7.24708,3.03678,6.85518,16.88487,9.58563,12.8929,0.0,14.36342,0.0,0.0,0.0,0.0,11.07044,7.37156,7.77684,0.0,0.0
2024-06-17,0.0,0.0,0.0,0.0,7.15784,3.13137,6.81018,16.80761,9.46241,12.724,0.0,14.23593,0.0,0.0,0.0,0.0,11.0382,7.15455,7.81937,0.0,0.0
2024-06-18,0.0,0.0,0.0,0.0,6.72609,4.15604,6.55649,16.72533,9.78264,13.42586,0.0,13.28537,0.0,0.0,0.0,0.0,10.85581,7.32561,17.81354,0.0,0.0
2024-06-19,0.0,0.0,0.0,0.0,6.86607,4.29049,6.53168,16.6374,10.29672,13.25217,0.0,15.70987,0.0,0.0,0.0,0.0,11.07098,7.95116,10.21006,0.0,0.0
2024-06-20,0.0,0.0,0.0,0.0,7.19988,4.16419,6.17518,10.63614,11.29061,15.9068,0.0,15.61716,0.0,0.0,0.0,0.0,12.06384,8.02207,9.32642,0.0,0.0
2024-06-21,0.0,0.0,0.0,0.0,7.13966,3.81004,4.82948,10.67666,11.41499,15.66351,0.0,13.16506,0.0,0.0,0.0,0.0,10.76387,7.27845,17.57748,0.0,0.0
2024-06-22,0.0,0.0,0.0,0.0,6.97633,3.2013,4.85682,10.64818,12.1602,14.11149,0.0,13.24539,0.0,0.0,0.0,0.0,10.52992,7.33483,7.82917,0.0,0.0
2024-06-23,0.0,0.0,0.0,0.0,7.43405,3.70649,4.87886,10.68723,11.88239,14.43235,0.0,12.87077,0.0,0.0,0.0,0.0,10.18417,6.98871,8.26651,0.0,0.0
2024-06-24,0.0,0.0,0.0,0.0,7.32917,3.60453,4.93514,10.75506,11.28549,15.4998,0.0,13.34111,0.0,0.0,0.0,0.0,10.26134,7.14955,6.12339,0.0,0.0
2024-06-25,0.0,0.0,0.0,0.0,7.18243,3.50117,4.82432,10.65084,11.3411,15.326,0.0,12.46198,0.0,0.0,0.0,0.0,9.41805,7.35676,6.49287,0.0,0.0
2024-06-26,0.0,0.0,0.0,0.0,7.01275,3.66896,4.93061,10.63951,11.42435,15.19864,0.0,12.14943,0.0,0.0,0.0,0.0,9.24091,6.90563,6.24304,0.0,0.0
2024-06-27,0.0,0.0,0.0,0.0,6.54328,3.71205,4.81008,9.27133,12.17412,14.80985,0.0,11.62102,0.0,0.0,0.0,0.0,8.93426,6.66142,6.15107,0.0,0.0
2024-06-28,0.0,0.0,0.0,0.0,6.59879,4.15617,4.80133,9.2424,11.87406,13.2386,0.0,11.36236,0.0,0.0,0.0,0.0,8.40127,6.57414,6.19967,0.0,0.0
2024-06-29,0.0,0.0,0.0,0.0,6.57371,4.07408,4.6728,9.20472,11.39714,12.86356,0.0,10.3132,0.0,0.0,0.0,0.0,8.08574,7.54195,6.62518,0.0,0.0
2024-06-30,0.0,0.0,0.0,0.0,6.83022,3.6663,4.78929,9.19521,11.71927,12.40053,0.0,9.38796,0.0,0.0,0.0,0.0,7.94164,6.97304,6.44729,0.0,0.0
2024-07-01,0.0,0.0,0.0,0.0,6.84607,3.91849,5.43356,9.23113,11.85792,12.28783,0.0,11.11324,0.0,0.0,0.0,0.0,8.45249,7.54129,6.03888,0.0,0.0
2024-07-02,0.0,0.0,0.0,0.0,6.93287,3.96184,5.48804,9.16741,11.38004,11.88252,0.0,10.57118,0.0,0.0,0.0,0.0,8.23511,7.32792,7.32824,0.0,0.0
2024-07-03,0.0,0.0,0.0,0.0,6.73327,4.04912,5.42195,9.23314,11.38141,12.09753,0.0,10.55337,0.0,0.0,0.0,0.0,7.93959,7.29896,6.74667,0.0,0.0
2024-07-04,0.0,0.0,0.0,0.0,6.56111,3.95632,5.24877,15.63481,11.48936,12.30678,0.0,10.10394,0.0,0.0,0.0,0.0,8.13482,7.57246,5.92272,0.0,0.0
2024-07-05,0.0,0.0,0.0,0.0,5.47216,4.30788,5.1508,15.73597,11.32107,12.90593,0.0,8.24371,0.0,0.0,0.0,0.0,8.06744,6.4006,6.48629,0.0,0.0
2024-07-06,0.0,0.0,0.0,0.0,6.32501,4.39471,5.11344,15.68584,11.32313,12.53593,0.0,8.35268,0.0,0.0,0.0,0.0,7.91803,6.33067,6.60006,0.0,0.0
2024-07-07,0.0,0.0,0.0,0.0,6.18919,4.35281,5.14945,15.70203,11.15719,13.09733,0.0,8.1793,0.0,0.0,0.0,0.0,7.5545,6.20641,6.53221,0.0,0.0
2024-07-08,0.0,0.0,0.0,0.0,5.27048,4.38575,5.05137,15.71214,10.67286,12.80964,0.0,8.22205,0.0,0.0,0.0,0.0,7.50236,6.19866,6.38727,0.0,0.0
2024-07-09,0.0,0.0,0.0,0.0,5.1349,4.422,5.05445,15.71947,10.21303,13.16074,0.0,8.03863,0.0,0.0,0.0,0.0,7.29542,6.03372,0.0,0.0,0.0
2024-07-10,0.0,0.0,0.0,0.0,5.09996,4.38661,5.3917,15.67227,10.25508,12.65641,0.0,7.44783,0.0,0.0,0.0,0.0,7.31212,5.67387,8.68392,0.0,0.0
2024-07-11,0.0,0.0,0.0,0.0,5.13968,4.40525,5.46939,8.03047,11.16325,12.11914,0.0,7.40792,0.0,0.0,0.0,0.0,7.22596,5.50863,7.49119,0.0,0.0
2024-07-12,0.0,0.0,0.0,0.0,5.24514,4.46724,5.47474,8.01643,11.14018,12.57131,0.0,6.79486,0.0,0.0,0.0,0.0,7.12619,4.97206,7.41551,0.0,0.0
2024-07-13,0.0,0.0,0.0,0.0,5.54226,4.3681,5.45464,7.95754,10.1378,12.2391,0.0,6.75874,0.0,0.0,0.0,0.0,7.06721,4.88086,6.2542,0.0,0.0
2024-07-14,0.0,0.0,0.0,0.0,5.60851,4.35462,5.44735,8.00922,11.54305,12.19846,0.0,6.85001,0.0,0.0,0.0,0.0,8.56489,4.89611,6.30686,0.0,0.0
2024-07-15,0.0,0.0,0.0,0.0,5.80756,4.10199,5.96639,7.99687,10.89325,12.13404,0.0,6.1802,0.0,0.0,0.0,0.0,7.84407,4.85496,6.18051,0.0,0.0
2024-07-16,0.0,0.0,0.0,0.0,5.72192,4.14692,5.97344,7.97769,11.07402,11.70035,0.0,7.07714,0.0,0.0,0.0,0.0,7.7277,5.21845,6.53068,0.0,0.0
2024-07-17,0.0,0.0,0.0,0.0,5.71049,4.45853,5.81522,7.98929,11.67393,11.70031,0.0,7.54954,0.0,0.0,0.0,0.0,7.65134,5.41462,6.45089,0.0,0.0
2024-07-18,0.0,0.0,0.0,0.0,5.88562,4.40549,5.9535,10.20351,11.68212,11.73981,0.0,7.43588,0.0,0.0,0.0,0.0,7.39658,5.68201,6.70831,0.0,0.0
2024-07-19,0.0,0.0,0.0,0.0,5.93459,5.35892,5.89929,10.0452,12.05723,12.25593,0.0,6.21271,0.0,0.0,0.0,0.0,7.07901,5.18651,6.38871,0.0,0.0
2024-07-20,0.0,0.0,0.0,0.0,6.57736,6.26092,5.80992,9.97202,12.099,12.2674,0.0,6.60925,0.0,0.0,0.0,0.0,7.45928,5.01515,6.3523,0.0,0.0
2024-07-21,0.0,0.0,0.0,0.0,6.53417,5.35444,5.78935,10.03944,12.1806,12.28614,0.0,6.51114,0.0,0.0,0.0,0.0,7.46239,5.2764,6.68716,0.0,0.0
2024-07-22,0.0,0.0,0.0,0.0,6.44345,5.32732,5.8681,10.04359,12.19112,12.29435,0.0,7.37346,0.0,0.0,0.0,0.0,6.83791,5.68872,11.88244,0.0,0.0
2024-07-23,0.0,0.0,0.0,0.0,6.6612,5.35982,5.82085,9.98731,11.74961,11.83156,0.0,7.0095,0.0,0.0,0.0,0.0,6.55114,5.08024,10.50798,0.0,0.0
2024-07-24,0.0,0.0,0.0,0.0,6.61459,5.14424,5.75522,10.01591,11.93024,11.81729,0.0,7.21822,0.0,0.0,0.0,0.0,8.92635,5.40814,19.8883,0.0,0.0
2024-07-25,0.0,0.0,0.0,0.0,4.77023,3.82238,4.12285,12.18478,11.2587,11.40763,0.0,6.69094,0.0,0.0,0.0,0.0,7.92432,5.22324,7.05305,0.0,0.0
2024-07-26,0.0,0.0,0.0,0.0,4.58593,4.22862,4.21088,12.23029,11.33369,11.48257,0.0,6.68048,0.0,0.0,0.0,0.0,7.68758,5.15032,7.06603,0.0,12.13151
2024-07-27,0.0,0.0,0.0,0.0,4.95808,3.9425,4.28965,12.28446,11.17751,11.45623,0.0,6.85141,0.0,0.0,0.0,0.0,9.2275,5.22822,7.16586,0.0,20.38838
2024-07-28,0.0,0.0,0.0,0.0,5.04408,4.03557,4.31385,12.29466,11.15961,11.52891,0.0,6.81173,0.0,0.0,0.0,0.0,9.15626,5.40641,6.95535,0.0,13.3593
2024-07-29,0.0,0.0,0.0,0.0,5.15556,4.29782,4.31128,12.33605,11.54819,11.56139,0.0,6.65794,0.0,0.0,0.0,0.0,11.95422,5.14357,6.65293,0.0,26.63577
2024-07-30,0.0,0.0,0.0,0.0,5.10995,3.92858,4.38681,12.40088,11.53098,10.7761,0.0,7.36154,0.0,0.0,0.0,0.0,7.88018,5.38586,6.68489,0.0,13.1467
2024-07-31,0.0,0.0,0.0,0.0,5.03158,3.19792,4.54451,12.43764,11.43943,10.77101,0.0,11.91444,0.0,0.0,0.0,0.0,8.77861,0.0,6.62037,0.0,11.33491
2024-08-01,0.0,0.0,0.0,0.0,4.66863,3.6392,4.44735,13.6417,11.40758,11.58414,0.0,9.06916,0.0,0.0,0.0,0.0,7.91418,4.94475,6.55059,0.0,17.25944
2024-08-02,0.0,0.0,0.0,0.0,4.63197,3.34581,4.22133,13.66388,11.26985,11.93129,0.0,7.18074,0.0,0.0,0.0,0.0,7.72226,5.23257,6.23321,0.0,12.97877
2024-08-03,0.0,0.0,0.0,0.0,5.2438,5.13779,4.2686,13.66923,10.91136,11.53698,0.0,6.89075,0.0,0.0,0.0,0.0,7.38597,4.91935,6.17148,0.0,11.26586
2024-08-04,0.0,0.0,0.0,0.0,4.94868,9.30214,4.16733,13.72357,10.8885,11.7824,0.0,6.69877,0.0,0.0,0.0,0.0,6.79855,4.73871,6.08438,0.0,12.94478
2024-08-05,0.0,0.0,0.0,0.0,3.36969,11.81963,3.98394,14.67626,13.11478,12.17531,0.0,20.82848,0.0,0.0,0.0,0.0,6.90297,2.58904,4.50462,0.0,42.90945
2024-08-06,0.0,0.0,0.0,0.0,3.45529,9.14249,4.14802,14.82302,12.64696,12.12245,0.0,9.50326,0.0,0.0,0.0,0.0,6.51808,4.08448,4.18737,0.0,11.81994
2024-08-07,0.0,0.0,0.0,0.0,3.6785,8.58998,3.8316,14.90979,12.48095,12.89313,0.0,5.85896,0.0,0.0,0.0,0.0,6.6946,3.82992,4.12552,0.0,10.77562
2024-08-08,0.0,0.0,0.0,0.0,3.76689,7.14875,4.3329,4.33869,11.81934,12.86614,0.0,6.20466,0.0,0.0,0.0,0.0,6.50078,3.77367,3.91511,0.0,30.42228
2024-08-09,0.0,0.0,0.0,0.0,4.08916,5.38451,4.14015,4.36692,11.74498,12.83754,0.0,6.26814,0.0,0.0,0.0,0.0,6.30987,4.04423,4.19013,0.0,7.99403
2024-08-10,0.0,0.0,0.0,0.0,3.99968,8.0812,4.02071,4.41354,10.76668,12.64401,0.0,6.38112,0.0,0.0,0.0,0.0,5.88136,4.09191,4.06692,0.0,8.08994
2024-08-11,0.0,0.0,0.0,0.0,3.80773,13.56933,3.78085,4.43215,11.13461,12.83776,0.0,6.21037,0.0,0.0,0.0,0.0,5.54256,3.7501,3.44371,0.0,8.19295
2024-08-12,0.0,0.0,0.0,0.0,3.59992,3.51168,3.84378,4.61857,11.91535,12.86057,0.0,5.63738,0.0,0.0,0.0,0.0,5.73041,3.66376,4.471,0.0,12.38488
2024-08-13,0.0,0.0,0.0,0.0,3.6851,3.97738,3.89629,4.63404,11.33645,13.19719,0.0,6.17145,0.0,0.0,0.0,0.0,5.40193,3.91889,4.43131,0.0,8.58222
2024-08-14,0.0,0.0,0.0,0.0,3.59977,3.83769,3.92837,4.63297,11.35514,12.78394,0.0,5.94593,0.0,0.0,0.0,0.0,5.63717,3.59756,4.47461,0.0,11.57533
2024-08-15,0.0,0.0,0.0,0.0,3.81293,3.82147,3.81884,4.43934,11.51898,12.5854,0.0,6.71283,0.0,0.0,0.0,0.0,5.67192,3.58338,4.40768,0.0,8.35733
2024-08-16,0.0,0.0,0.0,0.0,3.56504,3.0875,3.80242,4.46625,11.47847,12.76453,0.0,7.5206,0.0,0.0,0.0,0.0,5.08302,3.60521,4.34012,0.0,8.6226
2024-08-17,0.0,0.0,0.0,0.0,3.81571,2.61721,3.90216,4.48794,11.37075,12.03547,0.0,6.98304,0.0,0.0,0.0,0.0,5.12788,3.93777,4.30635,0.0,8.5856
2024-08-18,0.0,0.0,0.0,0.0,3.95007,1.58615,3.85108,4.49806,8.88249,9.62554,0.0,7.07976,0.0,0.0,0.0,0.0,5.56073,4.04524,3.75084,0.0,10.92652
2024-08-19,0.0,0.0,0.0,0.0,3.80916,3.26781,3.8387,4.72043,8.99229,9.62687,0.0,6.7249,0.0,0.0,0.0,0.0,7.01118,3.59161,4.25319,0.0,11.60653
2024-08-20,0.0,0.0,0.0,0.0,3.96202,3.20749,3.83633,4.85895,9.18434,9.74423,0.0,6.54361,0.0,0.0,0.0,0.0,6.27467,3.48659,4.15538,0.0,8.49988
2024-08-21,0.0,0.0,0.0,0.0,4.17164,3.06764,3.74783,4.90775,8.6756,10.32036,0.0,5.30477,0.0,0.0,0.0,0.0,6.40972,3.8531,4.43174,0.0,10.14442
2024-08-22,0.0,0.0,0.0,0.0,4.22629,1.81847,3.77427,4.91791,8.57744,9.9606,0.0,7.18904,0.0,0.0,0.0,0.0,6.41217,4.08967,4.39309,0.0,9.68158
2024-08-23,0.0,0.0,0.0,0.0,4.29146,1.36219,3.83598,4.72109,8.34835,9.86091,0.0,7.01576,0.0,0.0,0.0,0.0,6.55404,4.169,4.32075,0.0,8.70728
2024-08-24,0.0,0.0,0.0,0.0,4.50058,1.84092,3.90391,4.73402,8.3745,10.06386,0.0,7.18853,0.0,0.0,0.0,0.0,5.88682,4.64701,4.68287,0.0,8.11131
2024-08-25,0.0,0.0,0.0,0.0,4.51315,1.87452,4.10105,4.76097,8.76955,10.08245,0.0,6.94778,0.0,0.0,0.0,0.0,5.78482,4.27206,5.76011,0.0,8.32785
2024-08-26,0.0,0.0,0.0,0.0,4.55791,1.41605,4.11255,4.77246,8.54276,9.62161,0.0,7.37691,0.0,0.0,0.0,0.0,6.94166,4.43936,4.61887,0.0,7.54714
2024-08-27,0.0,0.0,0.0,0.0,4.41494,0.74676,3.94036,4.76651,7.84386,9.78954,0.0,7.68839,0.0,0.0,0.0,0.0,6.60097,4.1212,4.69927,0.0,7.61295
2024-08-28,0.0,0.0,0.0,0.0,4.2451,1.60507,3.88254,4.77465,7.81004,9.7785,0.0,7.7771,0.0,0.0,0.0,0.0,6.28082,4.87363,4.72392,0.0,7.62248
2024-08-29,0.0,0.0,0.0,0.0,4.20444,1.73349,3.87769,4.53937,7.79116,9.7106,0.0,8.162,0.0,0.0,0.0,0.0,5.92041,4.23568,4.66643,0.0,8.12093
2024-08-30,0.0,0.0,0.0,0.0,3.92542,2.68381,3.72433,4.71722,7.83376,9.76823,0.0,7.07016,0.0,0.0,0.0,0.0,6.29904,3.82924,4.68669,0.0,7.35467
2024-08-31,0.0,0.0,0.0,0.0,4.13441,2.36209,3.67922,4.71892,7.90446,9.71865,0.0,6.13379,0.0,0.0,0.0,0.0,6.12178,4.0311,4.66182,0.0,6.48072
2024-09-01,0.0,0.0,0.0,0.0,4.12406,2.35088,3.75192,4.73734,7.85509,9.59402,0.0,5.69936,0.0,0.0,0.0,0.0,6.17876,3.17011,4.65649,0.0,6.74454
2024-09-02,0.0,0.0,0.0,0.0,3.8223,1.73088,3.71567,4.77886,7.91302,9.74781,0.0,5.7725,0.0,0.0,0.0,0.0,6.50365,3.47257,4.7428,0.0,7.00262
2024-09-03,0.0,0.0,0.0,0.0,3.86359,1.85541,3.55673,4.80115,7.93068,9.64306,0.0,7.0004,0.0,0.0,0.0,0.0,6.01339,5.39463,4.71485,0.0,6.04009
2024-09-04,0.0,0.0,0.0,0.0,3.89727,1.46083,3.54896,4.74763,7.88839,8.9911,0.0,7.50697,0.0,0.0,0.0,0.0,7.66241,4.93259,6.12225,0.0,5.72148
2024-09-05,0.0,0.0,0.0,0.0,3.93981,1.62651,3.64717,4.75459,7.99531,8.8671,0.0,8.36785,0.0,0.0,0.0,0.0,6.57425,5.39788,10.1574,0.0,5.63359
2024-09-06,0.0,0.0,0.0,0.0,3.42542,2.27377,3.58182,4.76942,8.04049,8.75769,0.0,6.5203,0.0,0.0,0.0,0.0,6.38049,3.83797,6.31426,0.0,5.7446
2024-09-07,0.0,0.0,0.0,0.0,3.69078,2.33985,3.48287,4.77246,8.02232,8.52108,0.0,6.31264,0.0,0.0,0.0,0.0,6.35851,3.62874,5.06638,0.0,5.65824
2024-09-08,0.0,0.0,0.0,0.0,3.84929,1.99045,3.32321,4.78019,8.10821,8.55063,0.0,0.0,0.0,0.0,0.0,0.0,0.0,0.0,0.0,0.0,0.0
2024-09-09,0.0,0.0,0.0,0.0,3.79044,1.19413,3.33821,4.7744,8.03414,8.41887,0.0,0.0,0.0,0.0,0.0,0.0,0.0,0.0,0.0,0.0,0.0
2024-09-10,0.0,0.0,0.0,0.0,3.20624,1.21013,2.72204,4.77177,7.96517,8.3589,0.0,5.09072,0.0,0.0,0.0,0.0,5.86806,3.56919,4.76517,0.0,5.52196
2024-09-11,0.0,0.0,0.0,0.0,3.24059,1.12676,2.67578,4.77503,8.35939,8.43098,0.0,5.45124,0.0,0.0,0.0,0.0,5.63644,3.98483,4.73538,0.0,5.65576
2024-09-12,0.0,0.0,0.0,0.0,3.38741,1.30772,2.61531,5.13373,8.31593,8.38887,0.0,5.55134,0.0,0.0,0.0,0.0,5.60376,3.94511,7.73722,0.0,5.6353
2024-09-13,0.0,0.0,0.0,0.0,3.51601,1.34974,2.61858,5.13936,8.16129,8.30071,0.0,8.29295,0.0,0.0,0.0,0.0,5.44763,5.85289,5.54224,0.0,5.7901
2024-09-14,0.0,0.0,0.0,0.0,3.6719,1.30649,2.6079,5.14892,8.00553,8.42456,0.0,6.20666,0.0,0.0,0.0,0.0,5.40699,4.98733,12.03326,0.0,5.98594
2024-09-15,0.0,0.0,0.0,0.0,3.63518,0.8783,2.76245,5.14916,7.70207,8.36163,0.0,7.31287,0.0,0.0,0.0,0.0,5.60013,7.07734,5.40508,0.0,16.56804
2024-09-16,0.0,0.0,0.0,0.0,5.0834,0.77816,5.45103,5.15101,7.71186,8.46576,0.0,6.91394,0.0,0.0,0.0,0.0,5.99711,5.46427,5.40096,0.0,6.58061
2024-09-17,0.0,0.0,0.0,0.0,3.50096,0.92362,2.85746,5.15903,8.98943,8.43738,0.0,7.31501,0.0,0.0,0.0,0.0,6.24241,5.69694,5.39684,0.0,16.27613
2024-09-18,0.0,0.0,0.0,0.0,3.46131,0.89972,2.94477,5.1729,9.03747,8.6216,0.0,10.3798,0.0,0.0,0.0,0.0,5.85919,10.37779,14.0356,0.0,16.05737
2024-09-19,0.0,0.0,0.0,0.0,3.78803,0.99758,2.98669,6.65627,9.01218,8.65669,0.0,6.01335,0.0,0.0,0.0,0.0,5.41002,4.56167,9.47805,0.0,9.07994
2024-09-20,0.0,0.0,0.0,0.0,3.98372,0.94641,3.03451,6.67961,8.9712,8.65388,0.0,8.60537,0.0,0.0,0.0,0.0,8.77794,6.21112,8.47098,0.0,16.03089
2024-09-21,0.0,0.0,0.0,0.0,4.235,0.99515,3.08079,6.67601,8.92685,8.53601,0.0,7.84589,0.0,0.0,0.0,0.0,8.84633,4.83834,8.91194,0.0,9.85712
2024-09-22,0.0,0.0,0.0,0.0,4.21533,1.46911,3.02179,6.65121,8.78294,8.5755,0.0,6.51632,0.0,0.0,0.0,0.0,8.41996,4.61146,9.18968,0.0,8.75745
2024-09-23,0.0,0.0,0.0,0.0,4.12611,1.44684,3.08628,6.68762,8.82845,8.58403,0.0,6.69677,0.0,0.0,0.0,0.0,8.3962,6.2168,9.28514,0.0,8.13216
2024-09-24,0.0,0.0,0.0,0.0,4.30955,1.49266,3.19252,6.7323,9.08135,8.409,0.0,11.01852,0.0,0.0,0.0,0.0,9.93745,20.07847,9.38198,0.0,7.7288
2024-09-25,0.0,0.0,0.0,0.0,4.00977,1.53174,3.36058,6.74286,8.9722,8.09138,0.0,9.40302,0.0,0.0,0.0,0.0,9.82276,6.10666,6.63068,0.0,14.35496
2024-09-26,0.0,0.0,0.0,0.0,4.44414,2.47308,3.33628,11.99857,8.17669,10.16214,0.0,10.06259,0.0,0.0,0.0,0.0,9.25963,9.64658,11.85697,0.0,9.47523
2024-09-27,0.0,0.0,0.0,0.0,4.42469,2.67061,3.62401,12.0141,8.70223,8.0035,0.0,6.00608,0.0,0.0,0.0,0.0,8.15407,4.79404,6.77818,0.0,8.10321
2024-09-28,0.0,0.0,0.0,0.0,4.43761,2.44126,3.62693,12.00316,8.54553,7.77636,0.0,6.53995,0.0,0.0,0.0,0.0,9.9779,4.70875,6.53618,0.0,7.80356
2024-09-29,0.0,0.0,0.0,0.0,4.44244,2.49059,3.84545,11.98036,8.54037,7.79196,0.0,7.19427,0.0,0.0,0.0,0.0,8.51283,4.76619,6.55556,0.0,9.41205
2024-09-30,0.0,0.0,0.0,0.0,4.42615,1.86697,4.01216,11.9608,8.08176,7.87013,0.0,8.63293,0.0,0.0,0.0,0.0,7.94886,4.71246,10.69657,0.0,12.29066
2024-10-01,0.0,0.0,0.0,0.0,4.31319,2.03195,3.86078,11.75876,8.24183,7.09414,0.0,6.85431,0.0,0.0,0.0,0.0,7.54893,4.15338,6.1525,0.0,8.29987
2024-10-02,0.0,0.0,0.0,0.0,4.2415,2.0568,3.74157,11.588,8.26205,6.66282,0.0,6.25048,0.0,0.0,0.0,0.0,7.32952,4.03004,6.10614,0.0,8.05016
2024-10-03,0.0,0.0,0.0,0.0,4.17273,2.03507,3.78614,11.39751,7.84042,7.02504,0.0,6.0793,0.0,0.0,0.0,0.0,7.06522,4.5426,6.10071,0.0,8.0887
2024-10-04,0.0,0.0,0.0,0.0,4.05102,1.86167,3.93162,11.03501,7.78755,7.07408,0.0,6.0892,0.0,0.0,0.0,0.0,7.17936,3.75085,5.46784,0.0,7.60532
2024-10-05,0.0,0.0,0.0,0.0,4.13046,2.06117,3.90436,10.92787,7.59893,7.09755,0.0,5.99348,0.0,0.0,0.0,0.0,6.98933,3.89073,5.41694,0.0,7.08496
2024-10-06,0.0,0.0,0.0,0.0,4.13966,2.19838,3.966,10.88611,7.72189,7.07642,0.0,5.89868,0.0,0.0,0.0,0.0,6.93462,3.81987,5.35088,0.0,7.5783
2024-10-07,0.0,0.0,0.0,0.0,4.28221,2.2111,4.15792,10.90281,7.73453,7.1514,0.0,6.01847,0.0,0.0,0.0,0.0,6.69206,4.2511,4.59887,0.0,7.17027
2024-10-08,0.0,0.0,0.0,0.0,4.3553,2.81328,4.10672,10.79969,8.27952,7.69904,0.0,8.98302,0.0,0.0,0.0,0.0,6.36598,5.42908,4.49158,0.0,7.89653
2024-10-09,0.0,0.0,0.0,0.0,4.20921,2.54554,3.62177,10.71361,8.28457,7.73223,0.0,8.85328,0.0,0.0,0.0,0.0,6.33693,4.73384,4.39126,0.0,7.49251
2024-10-10,0.0,0.0,0.0,0.0,4.25114,3.15529,3.46088,10.70443,9.28727,8.39177,0.0,7.7988,0.0,0.0,8.34595,0.0,5.87604,4.53153,3.35375,0.0,15.14027
2024-10-11,0.0,0.0,0.0,0.0,4.43027,3.73274,3.58784,8.5706,9.29,8.39,0.0,6.74415,0.0,0.0,8.66209,0.0,5.60885,3.97133,4.26585,0.0,10.70112
2024-10-12,0.0,0.0,0.0,0.0,4.32083,3.60105,3.60158,8.51304,9.29,8.39,0.0,6.1051,0.0,0.0,8.82461,0.0,5.56024,3.96164,4.13362,0.0,9.69252
2024-10-13,0.0,0.0,0.0,0.0,4.29437,3.72618,3.55557,8.49053,9.29,8.39,0.0,6.47217,0.0,0.0,9.72096,0.0,5.51421,3.86101,4.02524,0.0,10.01148
2024-10-14,0.0,0.0,0.0,0.0,4.54224,3.15241,3.72013,8.38569,9.29,8.39,0.0,7.0221,0.0,0.0,9.49401,0.0,6.08729,5.49996,4.40719,0.0,10.51803
2024-10-15,0.0,0.0,0.0,0.0,4.48284,2.84313,3.98461,8.24526,9.16,7.11,0.0,6.95725,0.0,0.0,9.8637,0.0,6.06011,4.00647,4.52599,0.0,10.34566
2024-10-16,0.0,0.0,0.0,0.0,4.14229,2.56546,4.08092,8.20307,8.21,7.7,0.0,10.47236,0.0,0.0,16.6929,0.0,5.40517,10.01941,4.30927,0.0,8.7708
2024-10-17,0.0,0.0,0.0,0.0,4.07182,2.4383,4.02378,12.8866,7.74,7.92,0.0,5.76018,0.0,0.0,16.56296,0.0,4.96179,3.06032,4.29552,0.0,0.5969
2024-10-18,0.0,0.0,0.0,0.0,9.50266,2.59916,4.09467,12.61983,7.6,6.95,0.0,6.018,0.0,0.0,8.82586,0.0,4.881,4.33287,4.12572,0.0,8.31572
2024-10-19,0.0,0.0,0.0,0.0,4.46578,2.58544,4.25525,11.81298,8.37,7.66,0.0,5.2394,0.0,0.0,8.6524,0.0,4.88402,4.39675,3.92885,0.0,6.0485
2024-10-20,0.0,0.0,0.0,0.0,4.51558,2.6066,4.461,11.55961,8.22,7.48,0.0,5.09014,0.0,0.0,7.24311,0.0,4.7421,3.82872,3.87614,0.0,6.24988
2024-10-21,0.0,0.0,0.0,0.0,4.4489,2.51166,4.47577,11.44043,9.06,8.01,0.0,5.36948,0.0,0.0,7.21213,0.0,4.44548,3.81838,3.9622,0.0,9.02352
2024-10-22,0.0,0.0,0.0,0.0,4.10452,2.63462,4.50397,11.08423,9.28,7.98,0.0,9.19818,0.0,0.0,27.12349,0.0,4.36956,4.07761,3.90347,0.0,8.57991
2024-10-23,0.0,0.0,0.0,0.0,4.54587,2.78077,4.15913,10.89365,8.92,7.66,0.0,7.25533,0.0,0.0,8.95024,0.0,4.91908,3.70523,3.88498,0.0,11.22249
2024-10-24,0.0,0.0,0.0,0.0,4.54941,2.79365,4.16076,13.47638,9.29,7.78,0.0,6.6647,0.0,0.0,7.08866,0.0,4.83988,4.02158,4.17309,0.0,9.54659
2024-10-25,0.0,0.0,0.0,0.0,8.4924,2.98866,3.78123,13.44175,8.81,8.08,0.0,13.21395,0.0,0.0,13.03334,0.0,6.3933,6.44965,8.87102,0.0,19.00555
2024-10-26,0.0,0.0,0.0,0.0,5.45137,4.20884,3.8187,13.32261,8.74,8.2,0.0,6.64087,0.0,0.0,7.7825,0.0,6.45883,3.82439,4.57566,0.0,9.56919
2024-10-27,0.0,0.0,0.0,0.0,4.54339,4.18948,3.87197,13.25078,9.06,8.08,0.0,6.45392,0.0,0.0,7.99976,0.0,7.17494,4.06557,7.2556,0.0,9.22924
2024-10-28,0.0,0.0,0.0,0.0,4.47241,4.56889,3.8259,12.58553,9.14,8.33,0.0,8.54503,0.0,0.0,12.59646,0.0,9.67067,6.64625,8.28521,0.0,11.19957
2024-10-29,0.0,0.0,0.0,0.0,5.92805,4.12061,4.04695,12.48005,9.49,8.43,0.0,11.63505,0.0,0.0,9.53521,0.0,10.18122,9.14101,9.45985,0.0,15.39085
2024-10-30,0.0,0.0,0.0,0.0,4.30048,4.21694,4.23741,12.2824,10.08,8.69,0.0,9.215,0.0,0.0,17.7499,0.0,9.82035,4.41595,10.7845,0.0,8.09178
2024-10-31,0.0,0.0,0.0,0.0,4.37935,4.28689,4.26529,13.59091,9.18,9.31,0.0,6.4081,0.0,0.0,8.75784,0.0,11.81142,3.79778,4.92313,0.0,7.96954
2024-11-01,0.0,0.0,0.0,0.0,5.08134,3.56593,4.30427,13.44553,9.11,11.32,0.0,6.43423,0.0,0.0,7.67616,0.0,8.40861,4.51283,4.91241,0.0,8.14861
2024-11-02,0.0,0.0,0.0,0.0,4.396,3.69613,4.258,13.3815,9.53,11.52,0.0,7.05043,0.0,0.0,7.82121,0.0,14.12634,5.72269,4.97119,0.0,7.49661
2024-11-03,0.0,0.0,0.0,0.0,4.49185,4.73251,4.26043,13.28991,9.58,10.2,0.0,6.25442,0.0,0.0,6.37012,0.0,8.85007,4.26172,9.13785,0.0,9.21844
2024-11-04,0.0,0.0,0.0,0.0,5.42333,5.23417,4.13194,13.13042,9.16,8.7,0.0,9.86495,0.0,0.0,6.47174,0.0,8.07368,4.79888,5.07948,0.0,14.14767
2024-11-05,0.0,0.0,0.0,0.0,8.21068,2.26386,4.06752,13.02961,9.37,9.66,0.0,5.85851,0.0,0.0,4.56741,0.0,9.6089,5.7829,5.05839,0.0,7.97665
2024-11-06,0.0,0.0,0.0,0.0,7.34446,2.79186,6.55225,12.9487,11.05,10.97,0.0,5.80571,0.0,0.0,5.43522,0.0,9.11093,4.40061,16.73384,0.0,8.66634
2024-11-07,0.0,0.0,0.0,0.0,4.40127,3.13836,8.42559,13.16254,8.96,9.39,0.0,7.47587,0.0,0.0,9.01229,0.0,9.93378,4.3395,5.97811,0.0,7.03994
2024-11-08,0.0,0.0,0.0,0.0,4.48201,3.33287,4.55287,12.89641,8.1,12.11,0.0,9.65817,0.0,0.0,10.8266,0.0,8.27978,7.93985,3.97624,0.0,8.28254
2024-11-09,0.0,0.0,0.0,0.0,4.43693,3.07149,4.49212,12.78296,8.34,9.54,0.0,7.24423,0.0,0.0,7.52522,0.0,9.74739,4.42575,2.73634,0.0,8.13646
2024-11-10,0.0,0.0,0.0,0.0,4.53741,3.08111,6.67912,12.69463,22.24,8.87,0.0,9.17572,0.0,0.0,10.89034,0.0,12.32443,7.66542,2.68318,0.0,10.71035
2024-11-11,0.0,0.0,0.0,0.0,7.01659,3.7383,4.51347,12.12185,8.78,17.94,0.0,18.93548,0.0,0.0,14.71857,0.0,11.80283,2.63915,11.00359,0.0,12.86202
2024-11-12,0.0,0.0,0.0,0.0,4.54759,4.21479,4.49381,12.10914,9.24,20.17,0.0,15.50961,0.0,0.0,15.50457,0.0,14.02921,9.47771,20.11913,0.0,17.466
2024-11-13,0.0,0.0,0.0,0.0,11.81532,5.30768,3.78769,11.84714,25.6,8.39,0.0,13.45434,0.0,0.0,11.0338,0.0,10.18072,6.049,5.36501,0.0,13.26005
2024-11-14,0.0,0.0,0.0,0.0,4.28221,5.31743,4.13959,28.39244,22.88,10.51,0.0,10.94032,0.0,0.0,17.92644,0.0,11.07916,8.38062,9.38636,0.0,15.88935
2024-11-15,0.0,0.0,0.0,0.0,4.16756,5.08137,4.17308,27.85588,10.76,14.54,0.0,10.24521,0.0,0.0,11.64996,0.0,12.02854,5.55189,5.27348,0.0,10.54518
2024-11-16,0.0,0.0,0.0,0.0,4.38309,5.38378,4.51392,27.46868,23.5,11.96,0.0,9.75001,0.0,0.0,8.32596,0.0,16.08145,5.37533,5.30898,0.0,12.38613
2024-11-17,0.0,0.0,0.0,0.0,4.25904,6.58324,5.11032,26.83802,11.14,9.47,0.0,12.82932,0.0,0.0,7.68616,0.0,10.9911,7.13201,5.74082,0.0,13.8086
2024-11-18,0.0,0.0,0.0,0.0,7.53857,7.6952,4.5509,25.89078,9.46,18.89,0.0,8.6794,0.0,0.0,7.99484,0.0,13.03958,8.02102,7.66577,0.0,10.62307
2024-11-19,0.0,0.0,0.0,0.0,13.06984,15.34663,13.1542,24.4856,10.34,11.62,0.0,12.16538,0.0,0.0,11.11119,0.0,8.31865,10.21149,11.10446,0.0,19.251
2024-11-20,0.0,0.0,0.0,0.0,4.45949,9.73544,7.30469,23.53169,9.88,11.21,0.0,13.13196,0.0,0.0,11.05584,0.0,8.50164,8.01987,8.75193,0.0,21.19693
2024-11-21,0.0,0.0,0.0,0.0,15.43948,6.33015,7.13824,23.81209,12.31,21.08,0.0,13.77841,0.0,0.0,9.75082,0.0,9.64811,6.28275,14.01303,0.0,18.47303
2024-11-22,0.0,0.0,0.0,0.0,4.38637,5.27411,8.72636,22.92173,12.73,17.23,0.0,9.36977,0.0,0.0,10.88672,0.0,14.84102,6.24141,23.27145,0.0,8.27024
2024-11-23,0.0,0.0,0.0,0.0,8.51858,11.42305,7.69435,22.67978,12.39,13.03,0.0,10.66717,0.0,0.0,8.26023,0.0,13.0624,5.73641,17.88652,0.0,11.15297
2024-11-24,0.0,0.0,0.0,0.0,8.07459,4.17771,4.43791,22.33804,12.6,13.47,0.0,8.80413,0.0,0.0,11.43503,0.0,14.16124,6.19686,7.78556,0.0,8.07513
2024-11-25,0.0,0.0,0.0,0.0,13.03409,4.14626,4.5401,21.95536,19.45,11.2,0.0,10.54116,0.0,0.0,15.38528,0.0,9.31021,6.40594,7.88437,0.0,9.79275
2024-11-26,0.0,0.0,0.0,0.0,10.87179,15.18585,4.52284,21.05265,19.24,10.72,0.0,11.9888,0.0,0.0,10.62576,0.0,13.97928,8.41644,5.22046,0.0,13.06265
2024-11-27,0.0,0.0,0.0,0.0,7.96685,3.73544,9.31937,20.57981,10.65,14.33,0.0,11.30234,0.0,0.0,9.71309,0.0,12.75887,8.06109,2.8964,0.0,10.88687
2024-11-28,0.0,0.0,0.0,0.0,9.16588,5.28395,4.54547,30.42471,12.87,11.37,0.0,17.92781,0.0,0.0,15.62238,0.0,15.77385,10.06364,2.93598,0.0,20.87565
2024-11-29,0.0,0.0,0.0,0.0,9.30167,5.33938,4.50273,28.20761,11.59,17.87,0.0,16.03702,0.0,0.0,15.52079,0.0,16.55564,5.81813,4.17074,0.0,16.34649
2024-11-30,0.0,0.0,0.0,0.0,10.15352,6.10852,8.00385,27.49355,13.93,11.75,0.0,13.64448,0.0,0.0,21.2757,0.0,19.61022,6.28792,3.97573,0.0,10.52254
2024-12-01,0.0,0.0,0.0,0.0,9.77064,10.70087,9.6278,27.11621,13.16,12.14,0.0,18.60122,0.0,0.0,18.31602,0.0,14.28645,8.00967,5.90709,0.0,33.61409
2024-12-02,0.0,0.0,0.0,0.0,41.39938,33.99875,29.19696,25.39213,13.84,12.76,0.0,18.83654,0.0,0.0,17.3199,0.0,17.54248,10.29016,11.96596,0.0,19.33412
2024-12-03,0.0,0.0,0.0,0.0,14.18216,9.43193,13.43745,24.54905,15.0,17.15,0.0,18.16663,0.0,0.0,20.81909,0.0,15.4841,14.16306,12.6884,0.0,13.95335
2024-12-04,0.0,0.0,0.0,0.0,8.94287,3.912,16.55273,24.64637,12.77,30.29,0.0,15.86072,0.0,0.0,14.71577,0.0,17.25386,9.72119,19.45392,0.0,13.86272
2024-12-05,0.0,0.0,0.0,0.0,29.44473,42.52742,9.34018,26.50537,14.28,35.75,0.0,29.93337,0.0,0.0,24.25678,0.0,15.44586,9.53251,36.98709,0.0,56.57043
2024-12-06,0.0,0.0,0.0,0.0,10.78779,15.0166,14.38128,26.29712,11.78,22.79,0.0,18.67172,0.0,0.0,12.21893,0.0,13.6047,13.22746,6.99176,0.0,19.33411
2024-12-07,0.0,0.0,0.0,0.0,4.53173,9.64783,4.50723,26.11915,13.9,16.05,0.0,16.78843,0.0,0.0,19.71062,0.0,18.18713,7.32933,6.06798,0.0,15.6279
2024-12-08,0.0,0.0,0.0,0.0,19.81434,7.85589,6.69117,24.62901,15.92,21.37,0.0,19.53656,0.0,0.0,17.92706,0.0,17.78604,10.92323,6.93365,0.0,26.28611
2024-12-09,0.0,0.0,0.0,0.0,13.3179,13.23628,17.25861,24.50169,17.39,25.92,38.15937,19.70557,0.0,0.0,18.36397,0.0,25.01879,11.59012,7.36191,0.0,25.88364
2024-12-10,0.0,0.0,0.0,0.0,7.3712,7.51642,11.9057,24.37669,16.21,12.47,15.44598,19.81742,0.0,0.0,26.19525,0.0,19.46822,19.33672,7.23446,0.0,14.81411
2024-12-11,0.0,0.0,0.0,0.0,15.02169,10.64929,14.46671,23.99957,13.78,20.26,16.91282,20.48293,0.0,0.0,21.91205,0.0,17.03094,11.00936,7.18317,0.0,30.45706
2024-12-12,0.0,0.0,0.0,0.0,10.56378,9.79441,4.4312,27.08571,15.62,13.69,16.55953,14.95546,0.0,0.0,16.52406,0.0,14.39563,9.35128,6.78922,0.0,15.03468
2024-12-13,0.0,0.0,0.0,0.0,12.48325,5.23119,8.38286,26.92772,18.02,12.93,17.02647,13.7507,0.0,0.0,16.25582,0.0,19.24616,8.02104,26.59466,0.0,15.41135
2024-12-14,0.0,0.0,0.0,0.0,11.00819,10.01638,4.19405,26.81781,13.56,14.24,22.69788,13.95012,0.0,0.0,14.73057,0.0,14.368,11.94035,15.49701,0.0,22.53855
2024-12-15,0.0,0.0,0.0,0.0,10.42644,5.1904,4.39797,26.72828,12.97,13.42,19.29523,15.111,0.0,0.0,16.07063,0.0,17.11605,10.02127,7.72909,0.0,18.73334
2024-12-16,0.0,0.0,0.0,0.0,13.10755,12.65666,10.10772,26.55562,14.35,15.85,17.58442,17.39914,0.0,0.0,21.19587,0.0,19.02383,8.7276,11.00227,0.0,16.14477
2024-12-17,0.0,0.0,0.0,0.0,10.29893,10.36455,10.09064,26.42194,16.12,13.1,19.68274,15.15559,0.0,0.0,16.11306,0.0,15.25932,7.31265,8.44862,0.0,20.03928
2024-12-18,0.0,0.0,0.0,0.0,12.50896,7.18996,10.18314,26.29536,15.13,14.46,43.47275,28.93197,0.0,0.0,29.43863,0.0,16.09419,20.83312,7.59935,0.0,40.34149
2024-12-19,0.0,0.0,0.0,0.0,12.17848,9.61333,9.93428,14.09278,23.4,11.66,30.99002,25.26911,0.0,0.0,19.31609,0.0,14.67069,7.44811,17.47823,0.0,28.41718
2024-12-20,0.0,0.0,0.0,0.0,13.71923,6.85818,9.34772,14.18352,15.34,15.86,22.35585,17.32144,0.0,0.0,18.14262,0.0,14.45863,6.1722,9.87184,0.0,18.05999
2024-12-21,0.0,0.0,0.0,0.0,9.93794,8.53219,8.84618,14.20325,13.85,13.85,14.27364,16.29235,0.0,0.0,25.98413,0.0,14.20756,4.17294,8.89271,0.0,11.37002
2024-12-22,0.0,0.0,0.0,0.0,9.62192,7.38599,8.63781,14.27096,13.96,11.55,21.25955,16.57326,0.0,0.0,11.89644,0.0,13.28098,4.00789,8.57549,0.0,23.477
2024-12-23,0.0,0.0,0.0,0.0,9.73311,6.40296,9.20827,14.27636,15.86,12.04,24.05122,19.24921,0.0,0.0,13.37683,0.0,15.11916,8.71992,10.90955,0.0,25.1817
2024-12-24,0.0,0.0,0.0,0.0,9.88199,7.47884,8.58205,14.30905,14.97,12.86,23.37871,24.72988,0.0,0.0,17.82676,0.0,13.00264,10.36043,14.15176,0.0,28.0451
2024-12-25,0.0,0.0,0.0,0.0,10.15326,7.24056,8.53971,14.34881,14.39,13.15,22.59483,17.83027,0.0,0.0,19.35709,0.0,11.86261,5.71733,8.76484,0.0,23.02643
2024-12-26,0.0,0.0,0.0,0.0,10.29741,10.66714,8.31023,11.79436,15.71,12.33,19.5371,15.05688,0.0,0.0,14.33534,0.0,13.9931,3.62444,9.26433,0.0,14.71363
2024-12-27,0.0,0.0,0.0,0.0,10.16327,6.84067,8.247,11.92697,18.45,12.39,17.42969,14.98073,0.0,0.0,13.9959,0.0,12.17521,3.73395,5.56783,0.0,15.16398
2024-12-28,0.0,0.0,0.0,0.0,10.01395,6.51765,7.60096,11.96008,14.96,11.95,19.20367,15.81012,0.0,0.0,14.24318,0.0,12.62946,5.58013,5.88581,0.0,17.48924
2024-12-29,0.0,0.0,0.0,0.0,9.92251,6.58046,6.81821,12.01818,14.55,11.85,18.46335,16.99261,0.0,0.0,12.48229,0.0,11.6791,7.26322,5.72358,0.0,16.8384
2024-12-30,0.0,0.0,0.0,0.0,9.18647,6.81106,7.78914,12.04387,13.88,10.93,16.97966,15.12196,0.0,0.0,16.60652,0.0,13.24826,7.05184,7.30033,0.0,16.54202
2024-12-31,0.0,0.0,0.0,0.0,9.16578,7.12855,7.41604,12.09662,12.86,12.3,16.80432,13.76302,0.0,0.0,18.24194,0.0,14.47727,6.16469,5.72676,0.0,15.45902
2025-01-01,0.0,0.0,0.0,0.0,10.00571,6.94865,6.08619,12.11525,13.07,12.04,14.67459,14.1582,0.0,0.0,17.36065,0.0,13.83429,6.43184,5.56121,0.0,16.34891
2025-01-02,0.0,0.0,0.0,0.0,9.08394,4.01788,6.76524,11.10897,12.25,12.6,16.72434,16.00263,0.0,0.0,15.81849,0.0,12.70638,10.20401,5.41889,0.0,17.83395
2025-01-03,0.0,0.0,0.0,0.0,9.06658,2.3003,7.80485,11.12732,11.07,12.95,18.8992,15.12762,0.0,0.0,20.26278,0.0,13.27602,4.50917,7.97082,0.0,13.91853
2025-01-04,0.0,0.0,0.0,0.0,8.84268,7.28614,7.73115,11.12982,11.17,13.45,13.07211,12.55568,0.0,0.0,14.58209,0.0,13.55088,10.33287,12.40013,0.0,13.24217
2025-01-05,0.0,0.0,0.0,0.0,8.72169,7.24028,7.46655,11.10739,11.42,12.88,13.82963,13.29218,0.0,0.0,14.952,0.0,15.50988,13.37992,10.60676,0.0,14.55497
2025-01-06,0.0,0.0,0.0,0.0,9.07242,7.14598,7.71516,11.1002,11.43,13.57,14.43389,13.68162,0.0,0.0,13.22227,0.0,14.47113,12.2616,5.68315,0.0,15.95744
2025-01-07,0.0,0.0,0.0,0.0,8.54004,6.53904,18.2921,11.14644,12.94,12.69,14.48637,13.4463,0.0,0.0,14.41391,0.0,13.14936,9.01387,6.72049,0.0,14.76818
2025-01-08,0.0,0.0,0.0,0.0,8.5627,6.89712,8.88274,11.19504,14.16,13.03,12.87434,12.73459,0.0,0.0,12.22968,0.0,13.36491,10.40356,3.74604,0.0,14.02484
2025-01-09,0.0,0.0,0.0,0.0,8.27664,6.87364,7.68092,12.71388,13.15,13.72,10.65493,12.79309,0.0,0.0,11.46501,0.0,13.15215,9.3381,6.02683,0.0,11.06046
2025-01-10,0.0,0.0,0.0,0.0,8.2588,7.19825,7.34142,12.77498,13.68,13.04,9.03506,8.87566,0.0,0.0,10.62013,0.0,12.5753,5.8685,5.99003,0.0,60.66439
2025-01-11,0.0,0.0,0.0,0.0,8.24229,6.68167,7.1728,12.75076,12.42,12.66,11.90055,9.40495,0.0,0.0,12.38326,0.0,12.66075,5.06886,7.17013,0.0,12.99378
2025-01-12,0.0,0.0,0.0,0.0,8.13099,6.76268,6.87464,12.78118,13.4,13.36,11.49254,10.88954,0.0,0.0,10.38241,0.0,11.01256,7.01178,7.15549,0.0,14.85319
2025-01-13,0.0,0.0,0.0,0.0,7.93647,10.43725,6.78902,12.93126,11.33,14.28,13.67048,11.62025,0.0,0.0,12.80853,0.0,11.24336,10.75615,8.18592,0.0,16.01156
2025-01-14,0.0,0.0,0.0,0.0,7.61419,7.2152,6.6447,12.92124,11.39,11.09,13.21461,11.03479,0.0,0.0,13.06776,0.0,11.07348,8.91055,6.12824,0.0,13.46764
2025-01-15,0.0,0.0,0.0,0.0,8.27206,7.82155,6.78495,12.88041,10.3,11.51,12.94024,12.46207,0.0,0.0,13.20627,3.53838,9.84705,14.35083,7.12692,0.0,28.54287
2025-01-16,0.0,0.0,0.0,0.0,7.83896,6.79275,6.93877,12.81306,11.54,11.21,13.88776,11.67264,0.0,0.0,13.73711,2.97572,12.35335,7.48828,6.13663,0.0,19.89144
2025-01-17,0.0,0.0,0.0,0.0,8.52139,6.50944,7.10533,9.40214,9.79,9.38,11.63453,10.34363,0.0,0.0,11.25091,4.12932,10.66093,7.20082,7.44625,0.0,17.72477
2025-01-18,0.0,0.0,0.0,0.0,8.50128,2.59142,6.33449,9.41288,13.18,8.47,12.40148,12.25884,0.0,0.0,12.18192,5.02935,11.26098,10.42538,8.08671,0.0,17.67344
2025-01-19,0.0,0.0,0.0,0.0,9.24035,2.59142,6.50666,9.41345,13.47,8.91,14.85734,15.37505,0.0,0.0,13.845,8.0007,11.65821,11.42775,6.314,0.0,20.34752
2025-01-20,0.0,0.0,0.0,0.0,8.85182,2.90812,6.97818,9.41895,13.86,8.95,12.18552,11.81256,0.0,0.0,12.11877,7.01,11.80676,9.69834,5.79158,0.0,13.52424
2025-01-21,0.0,0.0,0.0,0.0,8.58664,3.19457,7.12073,9.41984,10.23,10.6,9.46146,9.38276,0.0,0.0,9.59698,4.91396,11.62799,9.36364,6.75456,0.0,9.2059
2025-01-22,0.0,0.0,0.0,0.0,7.86393,3.10514,7.57672,9.4064,11.21,9.78,12.76904,12.68114,0.0,0.0,12.57655,5.67169,11.26993,7.80923,7.82114,0.0,12.86777
2025-01-23,0.0,0.0,0.0,0.0,7.43024,3.17925,6.72921,14.76511,10.17,10.14,9.87776,9.62238,0.0,0.0,10.17677,5.67807,11.63608,7.96189,9.35452,0.0,23.99418
2025-01-24,0.0,0.0,0.0,0.0,7.1385,4.10757,6.85605,14.75586,10.39,9.35,13.18994,12.73986,0.0,0.0,12.91833,10.13556,13.51907,13.20022,19.44699,0.0,15.00169
2025-01-25,0.0,0.0,0.0,0.0,6.92615,3.80859,6.56326,14.72233,10.17,8.84,14.54346,12.58019,0.0,0.0,13.47077,9.2633,12.81046,11.05875,11.08936,0.0,16.58311
2025-01-26,0.0,0.0,0.0,0.0,6.78294,3.74492,6.62548,14.71928,9.72,8.2,13.13329,12.12667,0.0,0.0,12.52073,9.15157,12.89365,10.97232,12.35377,0.0,13.37554
2025-01-27,0.0,0.0,0.0,0.0,6.64822,3.88653,8.95123,14.78006,9.28,9.46,12.72401,11.59381,0.0,0.0,12.23813,13.80044,17.51137,10.63997,11.93768,0.0,13.49564
2025-01-28,0.0,0.0,0.0,0.0,6.46669,3.93017,6.49021,14.53609,11.2,10.28,15.1265,12.49739,0.0,0.0,14.5271,9.68792,14.00281,11.5465,13.0091,0.0,13.66439
2025-01-29,0.0,0.0,0.0,0.0,6.42766,3.99886,6.38666,14.39161,10.01,11.3,14.01582,11.77652,0.0,0.0,13.35999,9.4816,13.68862,12.22813,10.67322,0.0,13.5096
2025-01-30,0.0,0.0,0.0,0.0,6.49592,4.32538,6.06483,11.80945,9.2,10.95,13.91617,12.73214,0.0,0.0,13.31955,9.51926,13.59496,11.23488,10.17288,0.0,17.85669
2025-01-31,0.0,0.0,0.0,0.0,6.07688,4.16027,5.59762,11.79589,9.68,9.65,13.61502,12.37936,0.0,0.0,13.09624,8.0585,17.54763,11.05604,14.94823,0.0,14.09444
2025-02-01,0.0,0.0,0.0,0.0,5.97805,4.27296,5.62673,11.84035,10.4,9.2,15.4806,13.16077,0.0,0.0,14.72006,7.36951,15.57396,10.08249,10.57712,0.0,16.40069
2025-02-02,0.0,0.0,0.0,0.0,5.97205,4.29442,5.79945,11.78846,9.05,8.83,12.9614,11.16878,0.0,0.0,12.33618,7.09005,14.56144,8.75175,12.36443,0.0,20.45766
2025-02-03,0.0,0.0,0.0,0.0,4.73504,4.28299,6.93445,11.99973,8.7,10.6,11.92401,9.36394,0.0,0.0,11.39887,7.39521,13.26928,8.62334,26.50278,0.0,12.03356
2025-02-04,0.0,0.0,0.0,0.0,4.79249,5.38084,6.65618,12.04495,9.01,8.87,15.89499,12.90889,0.0,0.0,17.03652,7.02345,13.74976,6.70144,10.70566,0.0,13.38295
2025-02-05,0.0,0.0,0.0,0.0,4.88968,5.87562,6.41252,12.21159,8.92,8.77,13.14404,9.4015,0.0,0.0,12.437,7.05444,13.19116,7.03265,10.74908,0.0,13.36131
2025-02-06,0.0,0.0,0.0,0.0,4.79089,5.79183,6.18477,6.86303,9.63,9.31,11.86868,9.30375,0.0,0.0,11.15503,7.17113,11.28569,6.86613,9.66266,0.0,16.70051
2025-02-07,0.0,0.0,0.0,0.0,4.96097,5.31304,6.08473,6.91009,9.4,8.36,11.21937,8.63125,0.0,0.0,10.74845,5.85729,10.98264,6.75395,9.06037,0.0,11.84823
2025-02-08,0.0,0.0,0.0,0.0,4.7255,5.51198,5.44472,7.00731,9.1,8.37,12.33101,9.18115,0.0,0.0,11.77412,6.38744,11.6032,7.13407,9.06713,0.0,12.59464
2025-02-09,0.0,0.0,0.0,0.0,4.67614,5.98243,5.43506,7.02712,8.55,8.81,11.82429,9.00277,0.0,0.0,12.37386,6.23074,11.70406,7.16949,7.26467,0.0,12.08144
2025-02-10,0.0,0.0,0.0,0.0,4.49355,5.57332,4.93727,7.08008,8.6,7.89,11.61578,8.87235,0.0,0.0,12.09292,6.49085,11.82762,7.08272,7.152,0.0,11.21626
2025-02-11,0.0,0.0,0.0,0.0,3.55242,5.20484,4.05593,7.17479,8.59,7.59,10.6405,8.65816,0.0,0.0,11.17255,6.34991,10.75638,6.79454,7.01728,0.0,13.0179
2025-02-12,0.0,0.0,0.0,0.0,3.98756,3.95855,4.05785,7.20824,8.0,7.73,10.82057,9.40439,0.0,0.0,11.32286,10.3068,10.6532,6.48846,6.56783,0.0,11.6338
2025-02-13,0.0,0.0,0.0,0.0,4.01972,2.29985,4.1902,7.56634,8.15,7.41,10.4256,8.87205,0.0,0.0,10.90657,8.61291,10.29478,7.01157,7.51443,0.0,11.06952
2025-02-14,0.0,0.0,0.0,0.0,4.12668,3.16395,3.69629,7.59531,7.15,6.45,9.996,8.93975,0.0,0.0,10.48055,8.4425,9.91556,7.39128,7.50087,0.0,10.62669
2025-02-15,0.0,0.0,0.0,0.0,4.13509,0.97227,3.72254,7.60938,6.89,5.77,9.91024,8.92298,0.0,0.0,10.40195,7.79377,9.81154,7.3213,5.96352,0.0,10.67378
2025-02-16,0.0,0.0,0.0,0.0,4.09106,1.40591,3.74277,7.64865,6.95,5.7,9.21004,8.69747,0.0,0.0,9.74371,8.48098,9.62727,7.91552,7.92332,0.0,10.37332
2025-02-17,0.0,0.0,0.0,0.0,4.15934,2.04666,3.75508,7.53718,6.65,5.98,9.3119,8.77393,0.0,0.0,9.91996,7.77968,9.82066,7.2857,7.79917,0.0,10.62463
2025-02-18,0.0,0.0,0.0,0.0,4.25721,1.79974,3.79356,7.4412,6.37,5.37,9.44069,8.74059,0.0,0.0,9.88667,10.11139,9.21721,7.0411,7.24537,0.0,10.61609
2025-02-19,0.0,0.0,0.0,0.0,4.32459,1.11801,3.70619,7.46175,5.96,5.78,9.36079,8.91542,0.0,0.0,9.83829,10.29719,9.68686,7.36071,6.46569,0.0,10.34621
2025-02-20,0.0,0.0,0.0,0.0,4.16245,2.24339,3.7102,9.88793,5.47,6.27,9.36809,8.35318,0.0,0.0,9.79769,9.94183,9.07683,7.35929,6.70889,0.0,11.04373
2025-02-21,0.0,0.0,0.0,0.0,4.18517,19.9296,4.44897,10.57212,6.97,5.85,9.14692,7.41202,0.0,0.0,7.20436,9.18185,12.04286,5.98169,7.02543,0.0,14.02253
2025-02-22,0.0,0.0,0.0,0.0,4.23585,5.01062,5.12156,10.6627,5.05,6.19,8.99077,7.93334,0.0,0.0,9.85855,10.96595,10.91319,7.23398,7.18161,0.0,10.48036
2025-02-23,0.0,0.0,0.0,0.0,4.24817,5.44498,4.11329,10.66201,5.23,6.17,9.10002,8.09421,0.0,0.0,9.84588,9.76061,10.69106,6.96969,6.59922,0.0,10.79365
2025-02-24,0.0,0.0,0.0,0.0,4.09746,13.46815,4.17792,10.76702,6.11,5.98,10.8946,9.70075,0.0,0.0,10.93266,9.60351,11.3779,6.53487,6.62685,0.0,11.35206
2025-02-25,0.0,0.0,0.0,0.0,3.78483,4.79201,3.97986,10.89807,6.71,5.65,11.1413,9.32614,0.0,0.0,11.15513,6.83921,12.54543,5.27239,6.67186,0.0,20.85862
2025-02-26,0.0,0.0,0.0,0.0,4.77405,5.11263,3.52677,10.90897,8.14,6.88,10.72216,9.06998,0.0,0.0,13.39917,7.74907,11.46179,5.182,6.50736,0.0,26.3061
2025-02-27,0.0,0.0,0.0,0.0,4.87561,5.46299,3.28426,10.40331,8.24,6.69,14.38519,10.65748,0.0,0.0,14.64529,9.25247,11.26073,6.23423,6.12427,0.0,14.8145
2025-02-28,0.0,0.0,0.0,0.0,3.46657,3.97365,3.35155,10.52901,6.08,7.94,10.06546,7.63024,0.0,0.0,12.03313,7.94834,10.65947,5.63012,15.34246,0.0,11.19559
2025-03-01,0.0,0.0,0.0,0.0,3.4335,3.36142,3.19872,10.55739,5.31,6.19,9.86619,7.66324,0.0,0.0,11.05901,7.54446,10.24405,5.602,6.79755,0.0,11.10326
2025-03-02,0.0,0.0,0.0,0.0,3.36937,4.14612,3.23862,10.63207,4.5,6.11,10.08419,7.30654,0.0,0.0,10.89473,8.01439,10.16205,5.7306,7.12061,0.0,11.06667
2025-03-03,0.0,0.0,0.0,0.0,3.18048,3.89143,3.38523,10.65366,5.24,4.14,9.21484,6.48863,0.0,0.0,10.03346,7.50248,9.36928,4.67654,5.86004,0.0,10.04505
2025-03-04,0.0,0.0,0.0,0.0,3.32912,3.13954,3.31658,10.68796,4.15,5.29,8.91581,6.63521,0.0,0.0,9.7301,7.33328,9.06027,4.9404,5.19901,0.0,9.73217
2025-03-05,0.0,0.0,0.0,0.0,3.39031,3.3176,3.36741,10.67944,3.92,5.23,8.61026,6.5629,0.0,0.0,9.19219,7.54965,8.95109,4.80843,5.12567,0.0,9.09937
2025-03-06,0.0,0.0,0.0,0.0,3.47602,3.80427,3.47455,5.84205,4.19,5.12,8.10128,6.12295,0.0,0.0,8.74325,7.25826,8.24733,4.80434,5.25443,0.0,8.88463
2025-03-07,0.0,0.0,0.0,0.0,3.27341,3.18181,3.37992,5.84959,4.86,4.7,8.54445,6.53526,0.0,0.0,9.54487,8.50356,8.25802,4.65612,5.40683,0.0,8.60335
2025-03-08,0.0,0.0,0.0,0.0,3.29938,4.26683,3.33949,5.86401,4.67,4.58,8.23267,5.99593,0.0,0.0,9.05211,7.32658,7.98568,4.69509,5.24956,0.0,9.06565
2025-03-09,0.0,0.0,0.0,0.0,3.30125,4.5563,3.29253,5.88396,3.63,4.38,8.26181,5.73181,0.0,0.0,8.89264,7.03199,7.64343,4.40729,5.00971,0.0,8.9441
2025-03-10,0.0,0.0,0.0,0.0,2.62912,4.07967,2.7487,5.97814,4.55,4.48,7.0498,5.66277,0.0,0.0,8.85864,6.84508,7.81269,3.87098,4.70081,0.0,8.82125
2025-03-11,0.0,0.0,0.0,0.0,2.71629,3.81608,2.68137,5.99329,4.86,4.62,7.01262,6.03965,0.0,0.0,8.65617,5.4543,7.77911,5.14023,4.24487,0.0,8.75121
2025-03-12,0.0,0.0,0.0,0.0,2.37849,3.57393,2.66124,6.04938,4.6,4.68,6.97349,6.03943,0.0,0.0,8.48984,5.59408,7.80454,5.10871,4.22487,0.0,8.32181
2025-03-13,0.0,0.0,0.0,0.0,2.76053,3.44051,2.66073,4.39726,4.76,4.47,6.30681,5.98994,0.0,0.0,8.68651,5.77669,8.6182,6.51994,4.35412,0.0,9.54829
2025-03-14,0.0,0.0,0.0,0.0,2.85411,3.44392,2.71276,4.41523,4.01,4.58,6.93042,5.94607,0.0,0.0,8.59201,5.80808,8.37901,4.97423,4.41013,0.0,8.55894
2025-03-15,0.0,0.0,0.0,0.0,2.79214,4.00345,2.76348,4.42064,4.25,4.68,6.93042,5.94607,0.0,0.0,8.59201,5.80808,8.37901,4.97423,4.41036,0.0,8.55894
2025-03-16,0.0,0.0,0.0,0.0,2.6532,4.61336,2.64882,4.42767,4.39,4.81,6.93042,5.94607,0.0,0.0,8.59201,5.80808,8.37901,4.97423,4.41013,0.0,8.55894
2025-03-17,0.0,0.0,0.0,0.0,2.65834,4.80809,2.67594,4.46447,4.35,4.88,6.93037,5.94607,0.0,0.0,8.59258,5.80924,8.37893,4.95862,4.41013,0.0,8.56016
2025-03-18,0.0,0.0,0.0,0.0,2.72347,4.52263,2.64739,4.4899,4.59,4.72,6.12147,6.47992,0.0,0.0,7.1702,5.2339,7.82386,5.14229,6.66699,0.0,7.39275
2025-03-19,0.0,0.0,0.0,0.0,2.22727,3.22807,3.7794,4.50328,6.41,7.61,6.48051,6.61332,0.0,0.0,7.74231,5.71659,7.42174,8.77253,5.79739,0.0,7.55905
2025-03-20,0.0,0.0,0.0,0.0,2.49219,2.98705,3.43485,4.131,7.29,6.56,5.98034,5.934,0.0,0.0,14.7403,5.8614,7.38673,6.52863,8.82468,0.0,20.2317
2025-03-21,0.0,0.0,0.0,0.0,3.03662,2.90862,2.89412,4.11159,8.1,6.9,7.57166,7.03832,0.0,0.0,10.5795,5.92324,7.53406,7.80975,5.89173,0.0,13.4979
2025-03-22,0.0,0.0,0.0,0.0,3.10443,2.66152,2.4947,4.11061,7.61,6.33,7.95015,7.03358,0.0,0.0,9.02722,5.99966,6.94267,5.1425,4.88756,0.0,8.39503
2025-03-23,0.0,0.0,0.0,0.0,2.96481,2.41871,2.22286,4.121,7.31,6.72,7.73654,7.0583,0.0,0.0,8.87773,5.83671,6.71142,7.10304,5.19378,0.0,8.45711
2025-03-24,0.0,0.0,0.0,0.0,2.89034,2.66348,2.36524,4.18235,5.6,6.88,7.0367,9.86743,0.0,0.0,8.87318,5.64658,6.30843,6.55481,4.75302,0.0,8.2822
2025-03-25,0.0,0.0,0.0,0.0,2.91089,2.29254,2.48828,4.24361,5.31,6.94,6.45518,5.96604,0.0,0.0,6.69733,5.73926,6.01098,4.55979,4.61839,0.0,6.15975
2025-03-26,0.0,0.0,0.0,0.0,2.85389,3.57476,2.66265,4.29779,5.5,6.27,6.14478,5.54783,0.0,0.0,6.48887,5.88653,6.01389,4.40827,4.62425,0.0,5.99328
2025-03-27,0.0,0.0,0.0,0.0,3.04199,1.54269,2.65128,10.07167,5.96,6.14,5.02413,4.51004,0.0,0.0,7.16514,5.65824,4.20409,4.6711,4.19667,0.0,6.23809
2025-03-28,0.0,0.0,0.0,0.0,3.36562,2.07297,2.37418,10.7699,7.48,7.04,6.08208,5.4,0.0,0.0,7.96973,5.85832,7.84286,4.56407,4.15972,0.0,6.48975
2025-03-29,0.0,0.0,0.0,0.0,3.14379,3.15058,2.15617,10.75957,7.2,6.63,5.79245,5.25934,0.0,0.0,7.65748,5.69538,5.43589,4.46222,3.90745,0.0,6.64295
2025-03-30,0.0,0.0,0.0,0.0,3.10019,3.39562,3.91343,10.76762,6.77,6.66,5.87846,5.27917,0.0,0.0,7.98762,3.60251,5.67691,3.68278,3.76515,0.0,6.62795
2025-03-31,0.0,0.0,0.0,0.0,2.9492,1.10363,3.23464,10.81596,5.79,6.04,4.4158,4.19998,0.0,0.0,5.02043,4.31064,6.79956,4.01761,3.95927,0.0,5.15329
2025-04-01,0.0,0.0,0.0,0.0,2.9139,1.48528,2.99238,10.70709,6.03,6.08,5.70902,5.28374,0.0,0.0,5.76037,5.87938,5.91756,4.26195,4.97062,0.0,5.73062
2025-04-02,0.0,0.0,0.0,0.0,2.86269,1.16772,2.98455,10.70109,5.54,5.56,5.45565,5.33443,0.0,0.0,5.73711,5.32122,8.47505,4.31162,4.37485,0.0,5.89334
2025-04-03,0.0,0.0,0.0,0.0,2.64098,2.32039,2.70048,4.50672,5.64,5.48,5.4537,5.06278,0.0,0.0,5.79889,6.10143,6.00961,4.58589,4.34772,0.0,5.50294
2025-04-04,0.0,0.0,0.0,0.0,2.71484,0.2428,2.66334,4.53113,5.44,5.2,5.91576,5.66881,0.0,0.0,6.19688,6.48831,6.53693,5.34143,4.09772,0.0,5.65331
2025-04-05,0.0,0.0,0.0,0.0,2.74007,0.25713,2.27714,4.54414,5.48,5.09,5.86661,5.45696,0.0,0.0,6.30406,6.2387,6.31225,6.16757,3.99611,0.0,5.55545
2025-04-06,0.0,0.0,0.0,0.0,2.5725,0.16535,2.27763,4.55964,4.69,4.19,5.92393,5.25178,0.0,0.0,7.84446,7.25204,8.76342,4.67612,3.91475,0.0,7.35009
2025-04-07,0.0,0.0,0.0,0.0,2.57492,0.18208,1.84214,4.65287,4.11,5.32,4.56923,4.19734,0.0,0.0,4.28272,4.22684,6.26492,3.48943,2.91586,0.0,4.81217
2025-04-08,0.0,0.0,0.0,0.0,2.58583,0.10992,1.8456,4.06621,4.68,4.39,5.47497,5.12242,0.0,0.0,5.43177,5.65794,5.89502,4.27386,3.58993,0.0,5.16306
2025-04-09,0.0,0.0,0.0,0.0,2.67683,0.11965,1.76389,4.09609,4.14,5.86,5.61878,5.3225,0.0,0.0,5.9925,6.24765,6.24215,5.78175,3.61729,0.0,5.49471
2025-04-10,0.0,0.0,0.0,0.0,2.81635,0.13601,1.71725,4.88511,4.75,6.1,5.25305,4.82497,0.0,0.0,9.81848,5.44987,6.03203,5.30884,3.15163,0.0,8.08398
2025-04-11,0.0,0.0,0.0,0.0,3.21554,0.13931,1.75322,4.88704,5.09,6.41,6.22663,5.8624,0.0,0.0,6.57148,5.52618,6.4649,6.4972,3.69036,0.0,5.94351
2025-04-12,0.0,0.0,0.0,0.0,3.13246,0.15536,2.2419,4.90008,4.93,7.67,6.13278,6.26345,0.0,0.0,6.5078,5.55268,6.43153,6.24547,3.75235,0.0,5.89958
2025-04-13,0.0,0.0,0.0,0.0,3.04988,0.14547,1.89676,4.90913,5.25,7.24,8.61418,9.12165,0.0,0.0,10.10366,5.47069,6.56807,5.95983,3.67917,0.0,8.87776
2025-04-14,0.0,0.0,0.0,0.0,3.03576,0.11187,1.71142,4.85602,5.02,7.39,8.26682,7.96568,0.0,0.0,8.68897,5.51215,6.3826,4.36926,3.83879,0.0,7.10197
2025-04-15,0.0,0.0,0.0,0.0,2.71479,0.03467,1.84808,4.857,4.56,6.1,5.90501,4.97483,0.0,0.0,4.9609,5.31654,6.0411,4.01872,3.91267,0.0,5.94298
2025-04-16,0.0,0.0,0.0,0.0,2.60676,0.03629,2.0652,4.88759,5.09,5.27,5.3813,4.66072,0.0,0.0,10.08448,5.33344,6.04465,4.18851,4.13938,0.0,7.43926
2025-04-17,0.0,0.0,0.0,0.0,2.56107,0.05482,2.022,4.57458,5.06,7.38,5.83827,6.06557,0.0,0.0,5.52008,5.33869,6.17145,4.06292,3.46246,0.0,5.66007
2025-04-18,0.0,0.0,0.0,0.0,2.5883,0.07269,2.07613,4.57858,5.72,7.18,7.08708,6.2284,0.0,0.0,6.51395,5.13207,6.53144,3.90672,3.18512,0.0,6.22074
2025-04-19,0.0,0.0,0.0,0.0,2.52591,0.07537,2.14353,4.57276,5.81,7.18,5.8149,5.15965,0.0,0.0,5.54441,5.1903,6.08919,4.03864,3.16463,0.0,5.50681
2025-04-20,0.0,0.0,0.0,0.0,2.47381,0.07657,2.06608,4.56743,5.67,6.89,6.68175,7.14566,0.0,0.0,6.40916,5.13564,6.07011,3.61816,3.11404,0.0,6.25695
2025-04-21,0.0,0.0,0.0,0.0,2.59213,0.09275,3.38732,4.59287,5.73,6.54,6.65944,5.90601,0.0,0.0,7.22897,5.13951,6.03529,3.80706,3.44274,0.0,7.49498
2025-04-22,0.0,0.0,0.0,0.0,2.39371,0.10704,3.12083,4.60265,5.77,6.69,6.23127,5.07512,0.0,0.0,5.48446,5.2402,5.69351,4.20886,3.22934,0.0,5.73467
2025-04-23,0.0,0.0,0.0,0.0,2.32432,0.1154,2.26266,4.60361,5.7,6.62,5.99135,5.54245,0.0,0.0,6.21777,5.29401,5.64338,5.63798,3.2006,0.0,5.64301
2025-04-24,0.0,0.0,0.0,0.0,2.3131,0.12639,2.03485,4.47932,4.99,5.43,5.7005,5.10248,0.0,0.0,7.86396,5.30702,5.17536,5.0395,3.19642,0.0,6.65634
2025-04-25,0.0,0.0,0.0,0.0,2.28569,0.13852,2.55469,4.48461,4.78,5.19,5.42639,5.35998,0.0,0.0,5.95628,5.32391,5.10098,5.47259,3.34056,0.0,5.34385
2025-04-26,0.0,0.0,0.0,0.0,2.70079,0.20459,2.16224,4.48315,5.03,4.67,5.63901,5.06305,0.0,0.0,5.9138,5.41749,5.15518,5.58373,3.50236,0.0,5.32265
2025-04-27,0.0,0.0,0.0,0.0,2.85224,0.21247,1.948,4.48357,5.1,4.68,6.33899,5.24742,0.0,0.0,7.13407,5.34757,4.98027,4.83584,3.45214,0.0,6.20476
2025-04-28,0.0,0.0,0.0,0.0,2.85707,0.22236,1.81985,4.48353,5.07,4.95,5.81103,5.28553,0.0,0.0,7.12976,5.32147,5.3453,6.18849,3.44303,0.0,5.91965
2025-04-29,0.0,0.0,0.0,0.0,2.79153,0.22746,1.93317,4.47665,5.08,4.78,5.54604,5.12477,0.0,0.0,6.29262,6.68422,5.24748,4.5125,5.39627,0.0,5.41367
2025-04-30,0.0,0.0,0.0,0.0,2.80662,0.27819,1.98328,4.47524,5.32,4.65,5.14409,4.9198,0.0,0.0,6.85511,7.8846,5.12341,4.28627,3.44667,0.0,6.11549
2025-05-01,0.0,0.0,0.0,0.0,2.9605,0.38973,2.3849,3.72706,5.06,4.96,5.96926,4.97178,0.0,0.0,5.65695,13.15456,5.40392,4.72345,3.61313,0.0,5.46428
2025-05-02,0.0,0.0,0.0,0.0,2.86129,0.38974,2.5014,3.76101,4.86,5.02,5.49649,5.67541,0.0,0.0,5.96901,5.47909,5.9089,4.98168,3.41728,0.0,5.77297
2025-05-03,0.0,0.0,0.0,0.0,2.95036,0.38976,2.30768,3.7862,4.97,4.9,5.88527,5.52952,0.0,0.0,5.40358,5.44243,5.08453,4.41449,3.42772,0.0,5.49168
2025-05-04,0.0,0.0,0.0,0.0,3.14103,0.38979,2.19402,3.83742,5.21,4.69,4.75114,4.39247,0.0,0.0,4.574,5.45411,4.78966,4.37337,3.44251,0.0,4.49163
2025-05-05,0.0,0.0,0.0,0.0,2.97519,0.38983,2.40871,3.84848,5.42,4.54,4.8441,4.54472,0.0,0.0,4.45757,5.46949,5.11124,4.48955,3.11496,0.0,4.54902
2025-05-06,0.0,0.0,0.0,0.0,3.26147,0.38978,2.29722,3.84921,6.29,5.2,4.90109,4.51145,0.0,0.0,6.60731,5.57921,4.10087,4.26886,3.32705,0.0,5.70356
2025-05-07,0.0,0.0,0.0,0.0,3.04863,0.35728,3.84077,3.85055,5.84,5.45,5.23407,4.71268,0.0,0.0,6.89336,5.5487,4.24034,4.43716,3.61027,0.0,5.59051
2025-05-08,0.0,0.0,0.0,0.0,3.12704,0.35897,3.05495,4.68481,5.57,6.17,7.57707,7.60404,0.0,0.0,6.44432,5.76489,3.03123,4.6234,3.53307,0.0,6.67475
2025-05-09,0.0,0.0,0.0,0.0,3.24834,0.36147,2.77826,4.6836,5.68,5.25,11.14768,9.19697,0.0,0.0,6.14513,5.75783,3.71282,4.66857,3.58037,0.0,13.05797
2025-05-10,0.0,0.0,0.0,0.0,3.29008,0.39057,2.75911,4.68412,5.35,5.65,7.73654,6.06538,0.0,0.0,6.68457,5.90354,3.29286,4.68779,3.74593,0.0,7.11645
2025-05-11,0.0,0.0,0.0,0.0,3.34252,0.39934,3.06912,4.64839,5.57,5.83,5.92458,5.42807,0.0,0.0,6.28842,5.84388,4.31391,4.62852,3.70325,0.0,5.9385
2025-05-12,0.0,0.0,0.0,0.0,3.59898,0.37932,3.74162,4.50542,6.43,5.59,7.73398,7.27479,0.0,0.0,7.0717,5.83698,4.00044,4.76953,5.05501,0.0,7.66886
2025-05-13,0.0,0.0,0.0,0.0,3.71617,0.64945,3.712,4.47793,6.84,6.15,7.93212,6.97423,0.0,0.0,6.26442,5.96738,3.71494,4.98975,4.67889,0.0,7.82161
2025-05-14,0.0,0.0,0.0,0.0,3.66214,0.84158,4.52838,4.43299,6.92,6.2,7.37789,6.87294,0.0,0.0,7.83176,5.90486,4.81898,7.10184,4.57157,0.0,7.48332
2025-05-15,0.0,0.0,0.0,0.0,3.69498,0.96923,3.42654,7.83374,6.54,5.81,7.60372,7.76163,0.0,0.0,7.09217,6.14738,4.2545,4.90299,4.39905,0.0,7.37193
2025-05-16,0.0,0.0,0.0,0.0,3.80671,0.77115,4.39978,7.34903,6.15,6.15,7.23309,7.27947,0.0,0.0,7.06649,6.10296,6.0055,4.94857,4.57732,0.0,7.29761
2025-05-17,0.0,0.0,0.0,0.0,3.85419,0.77201,3.8908,7.20918,5.31,6.02,8.07322,7.58491,0.0,0.0,9.3479,5.92121,6.16446,4.89885,4.52021,0.0,7.72347
2025-05-18,0.0,0.0,0.0,0.0,3.87894,0.77181,3.36467,7.1732,5.96,6.1,0.0,0.0,0.0,0.0,0.0,0.0,0.0,0.0,0.0,0.0,0.0
2025-05-19,0.0,0.0,0.0,0.0,3.98215,0.83012,3.30307,7.13782,5.98,5.85,6.90268,6.76669,0.0,0.0,7.06772,6.21173,5.28843,5.92061,4.20125,0.0,6.89747
2025-05-20,0.0,0.0,0.0,0.0,3.92227,1.24296,3.55008,6.86498,5.78,5.9,7.76281,7.16707,0.0,0.0,6.91721,6.1856,4.14738,5.24973,4.31066,0.0,7.20917
2025-05-21,0.0,0.0,0.0,0.0,3.80665,1.32889,3.53264,6.81428,5.54,6.13,6.60699,6.52611,0.0,0.0,6.77684,6.16845,4.43401,5.28105,4.14203,0.0,6.38402
2025-05-22,0.0,0.0,0.0,0.0,3.61293,1.37637,3.69047,6.628,6.44,6.62,8.57459,8.5059,0.0,0.0,12.30644,6.52146,4.46175,6.98913,4.23751,0.0,9.08832
2025-05-23,0.0,0.0,0.0,0.0,3.91083,1.355,3.68889,6.3886,8.55,7.6,9.06487,7.22272,0.0,0.0,8.90857,6.13612,4.20746,8.56536,4.42049,0.0,8.87979
2025-05-24,0.0,0.0,0.0,0.0,3.95309,1.34894,3.51421,6.38143,8.1,7.96,7.54173,7.14203,0.0,0.0,8.05454,6.00752,4.22267,6.91009,4.56855,0.0,7.28023
2025-05-25,0.0,0.0,0.0,0.0,4.12603,1.32206,3.3363,6.37648,7.88,8.22,7.15491,6.87379,0.0,0.0,7.28679,5.99839,4.04331,6.56722,4.18216,0.0,7.67439
2025-05-26,0.0,0.0,0.0,0.0,3.85487,1.36766,3.58106,6.35345,7.35,7.83,5.99168,5.78759,0.0,0.0,6.23199,4.77616,3.8048,5.15489,4.51059,0.0,5.82854
2025-05-27,0.0,0.0,0.0,0.0,3.82898,2.30091,3.78603,6.27975,6.35,6.32,5.71108,5.52596,0.0,0.0,7.18837,4.75762,3.55068,5.01645,4.5094,0.0,6.18292
2025-05-28,0.0,0.0,0.0,0.0,3.88816,3.17807,3.65344,5.99732,5.83,6.51,6.0723,6.06608,0.0,0.0,7.15646,4.77115,2.78061,4.86967,5.48968,0.0,6.32593
2025-05-29,0.0,0.0,0.0,0.0,4.03087,1.79041,3.62795,7.15917,6.1,6.69,7.56034,6.4657,0.0,0.0,7.06781,4.80847,1.9285,5.12163,4.20044,0.0,7.02988
2025-05-30,0.0,0.0,0.0,0.0,3.74995,1.77664,3.79473,6.999,6.09,6.3,6.88648,5.94986,0.0,0.0,7.01437,4.77686,1.85432,5.80099,4.02462,0.0,6.54197
2025-05-31,0.0,0.0,0.0,0.0,3.88941,3.27778,3.80203,6.6846,6.07,6.12,6.48889,6.14522,0.0,0.0,6.63073,4.77032,0.37121,4.75111,5.23003,0.0,6.14929
2025-06-01,0.0,0.0,0.0,0.0,3.85111,3.2194,3.85424,6.58936,5.76,6.51,7.00891,6.20532,0.0,0.0,6.65666,4.7528,0.89716,4.63656,4.86357,0.0,6.22953
2025-06-02,0.0,0.0,0.0,0.0,3.89288,3.29386,3.97005,6.3402,5.75,6.76,6.42651,6.05879,0.0,0.0,6.50261,5.62469,2.66471,4.44835,4.62046,0.0,6.12163
2025-06-03,0.0,0.0,0.0,0.0,3.8952,2.98647,4.09938,6.23456,5.48,6.7,6.33674,6.05096,0.0,0.0,6.02824,5.62854,1.93777,4.52037,4.66737,0.0,5.82597
2025-06-04,0.0,0.0,0.0,0.0,4.18542,3.02349,4.24617,6.1328,5.79,6.69,12.52012,12.33757,0.0,0.0,9.69086,4.79164,3.51262,4.27758,4.41403,0.0,11.64188
2025-06-05,0.0,0.0,0.0,0.0,4.3703,3.03773,3.70138,6.13019,6.31,6.71,7.50021,8.89301,0.0,0.0,9.42471,4.76966,3.13415,3.72279,3.93916,0.0,8.20705
